employee_id,full_name,current_role,current_grade,target_role,target_grade,target_source,skill_id,skill_name,skill_type,category,current_level,required_level,gap,critical
E0001,Marat Yessenov,Backend Engineer,Junior,Backend Engineer,Middle,career_goal,SK_SQL,SQL,hard,engineering,2,3,1,False
E0001,Marat Yessenov,Backend Engineer,Junior,Backend Engineer,Middle,career_goal,SK_API_DESIGN,API Design,hard,engineering,2,3,1,True
E0001,Marat Yessenov,Backend Engineer,Junior,Backend Engineer,Middle,career_goal,SK_SYSTEM_DESIGN,System Design,hard,engineering,1,2,1,False
E0001,Marat Yessenov,Backend Engineer,Junior,Backend Engineer,Middle,career_goal,SK_CLOUD,Cloud Platforms,hard,engineering,1,2,1,False
E0001,Marat Yessenov,Backend Engineer,Junior,Backend Engineer,Middle,career_goal,SK_CONTAINERS,Containers & Orchestration,hard,engineering,0,2,2,False
E0001,Marat Yessenov,Backend Engineer,Junior,Backend Engineer,Middle,career_goal,SK_CICD,CI/CD,hard,engineering,1,2,1,False
E0001,Marat Yessenov,Backend Engineer,Junior,Backend Engineer,Middle,career_goal,SK_APP_SECURITY,Application Security,hard,engineering,0,2,2,False
E0001,Marat Yessenov,Backend Engineer,Junior,Backend Engineer,Middle,career_goal,SK_OBSERVABILITY,Observability,hard,engineering,0,2,2,False
E0001,Marat Yessenov,Backend Engineer,Junior,Backend Engineer,Middle,career_goal,SK_COMMUNICATION,Communication,soft,communication,2,3,1,False
E0001,Marat Yessenov,Backend Engineer,Junior,Backend Engineer,Middle,career_goal,SK_TEAMWORK,Teamwork,soft,collaboration,2,3,1,False
E0001,Marat Yessenov,Backend Engineer,Junior,Backend Engineer,Middle,career_goal,SK_PROBLEM_SOLVING,Problem Solving,soft,thinking,2,3,1,False
E0001,Marat Yessenov,Backend Engineer,Junior,Backend Engineer,Middle,career_goal,SK_MENTORING,Mentoring,soft,leadership,0,1,1,False
E0001,Marat Yessenov,Backend Engineer,Junior,Backend Engineer,Middle,career_goal,SK_PUBLIC_SPEAKING,Public Speaking,soft,communication,0,1,1,False
E0002,Arman Zhaksylykov,Backend Engineer,Middle,Backend Engineer,Senior,career_goal,SK_PYTHON,Python,hard,engineering,3,4,1,False
E0002,Arman Zhaksylykov,Backend Engineer,Middle,Backend Engineer,Senior,career_goal,SK_SQL,SQL,hard,engineering,3,4,1,False
E0002,Arman Zhaksylykov,Backend Engineer,Middle,Backend Engineer,Senior,career_goal,SK_API_DESIGN,API Design,hard,engineering,1,4,3,True
E0002,Arman Zhaksylykov,Backend Engineer,Middle,Backend Engineer,Senior,career_goal,SK_SYSTEM_DESIGN,System Design,hard,engineering,1,4,3,True
E0002,Arman Zhaksylykov,Backend Engineer,Middle,Backend Engineer,Senior,career_goal,SK_CLOUD,Cloud Platforms,hard,engineering,2,3,1,False
E0002,Arman Zhaksylykov,Backend Engineer,Middle,Backend Engineer,Senior,career_goal,SK_CONTAINERS,Containers & Orchestration,hard,engineering,1,3,2,False
E0002,Arman Zhaksylykov,Backend Engineer,Middle,Backend Engineer,Senior,career_goal,SK_CICD,CI/CD,hard,engineering,2,3,1,False
E0002,Arman Zhaksylykov,Backend Engineer,Middle,Backend Engineer,Senior,career_goal,SK_APP_SECURITY,Application Security,hard,engineering,2,3,1,False
E0002,Arman Zhaksylykov,Backend Engineer,Middle,Backend Engineer,Senior,career_goal,SK_OBSERVABILITY,Observability,hard,engineering,2,3,1,False
E0002,Arman Zhaksylykov,Backend Engineer,Middle,Backend Engineer,Senior,career_goal,SK_COMMUNICATION,Communication,soft,communication,2,3,1,False
E0002,Arman Zhaksylykov,Backend Engineer,Middle,Backend Engineer,Senior,career_goal,SK_MENTORING,Mentoring,soft,leadership,1,3,2,False
E0002,Arman Zhaksylykov,Backend Engineer,Middle,Backend Engineer,Senior,career_goal,SK_LEADERSHIP,Leadership,soft,leadership,1,2,1,False
E0002,Arman Zhaksylykov,Backend Engineer,Middle,Backend Engineer,Senior,career_goal,SK_STAKEHOLDER_MGMT,Stakeholder Management,soft,communication,1,2,1,False
E0002,Arman Zhaksylykov,Backend Engineer,Middle,Backend Engineer,Senior,career_goal,SK_PUBLIC_SPEAKING,Public Speaking,soft,communication,1,2,1,False
E0003,Symbat Omarova,Customer Support Specialist,Senior,Customer Support Specialist,Senior,current_profile,SK_TROUBLESHOOTING,Technical Troubleshooting,hard,support,2,3,1,True
E0003,Symbat Omarova,Customer Support Specialist,Senior,Customer Support Specialist,Senior,current_profile,SK_CRM,CRM Systems,hard,sales,2,3,1,False
E0003,Symbat Omarova,Customer Support Specialist,Senior,Customer Support Specialist,Senior,current_profile,SK_CONFLICT_RESOLUTION,Conflict Resolution,soft,leadership,2,3,1,False
E0003,Symbat Omarova,Customer Support Specialist,Senior,Customer Support Specialist,Senior,current_profile,SK_ADAPTABILITY,Adaptability,soft,personal_effectiveness,2,3,1,False
E0003,Symbat Omarova,Customer Support Specialist,Senior,Customer Support Specialist,Senior,current_profile,SK_PROBLEM_SOLVING,Problem Solving,soft,thinking,1,3,2,False
E0004,Nikita Smirnov,Data Analyst,Middle,Product Manager,Middle,career_goal,SK_PRODUCT_DISCOVERY,Product Discovery,hard,product,0,3,3,True
E0004,Nikita Smirnov,Data Analyst,Middle,Product Manager,Middle,career_goal,SK_ROADMAPPING,Roadmapping & Prioritization,hard,product,0,2,2,False
E0004,Nikita Smirnov,Data Analyst,Middle,Product Manager,Middle,career_goal,SK_PRODUCT_ANALYTICS,Product Analytics,hard,product,2,3,1,True
E0004,Nikita Smirnov,Data Analyst,Middle,Product Manager,Middle,career_goal,SK_UX_RESEARCH,UX Research,hard,product,0,2,2,False
E0004,Nikita Smirnov,Data Analyst,Middle,Product Manager,Middle,career_goal,SK_REQUIREMENTS,Requirements Writing,hard,product,0,3,3,False
E0004,Nikita Smirnov,Data Analyst,Middle,Product Manager,Middle,career_goal,SK_AGILE,Agile Practices,hard,product,0,3,3,False
E0004,Nikita Smirnov,Data Analyst,Middle,Product Manager,Middle,career_goal,SK_PROJECT_MGMT,Project Management,hard,product,0,2,2,False
E0004,Nikita Smirnov,Data Analyst,Middle,Product Manager,Middle,career_goal,SK_STAKEHOLDER_MGMT,Stakeholder Management,soft,communication,2,3,1,False
E0004,Nikita Smirnov,Data Analyst,Middle,Product Manager,Middle,career_goal,SK_PUBLIC_SPEAKING,Public Speaking,soft,communication,1,2,1,False
E0004,Nikita Smirnov,Data Analyst,Middle,Product Manager,Middle,career_goal,SK_CRITICAL_THINKING,Critical Thinking,soft,thinking,2,3,1,False
E0005,Togzhan Yessenova,Backend Engineer,Middle,Backend Engineer,Senior,career_goal,SK_PYTHON,Python,hard,engineering,2,4,2,False
E0005,Togzhan Yessenova,Backend Engineer,Middle,Backend Engineer,Senior,career_goal,SK_SQL,SQL,hard,engineering,3,4,1,False
E0005,Togzhan Yessenova,Backend Engineer,Middle,Backend Engineer,Senior,career_goal,SK_API_DESIGN,API Design,hard,engineering,3,4,1,True
E0005,Togzhan Yessenova,Backend Engineer,Middle,Backend Engineer,Senior,career_goal,SK_SYSTEM_DESIGN,System Design,hard,engineering,2,4,2,True
E0005,Togzhan Yessenova,Backend Engineer,Middle,Backend Engineer,Senior,career_goal,SK_CLOUD,Cloud Platforms,hard,engineering,2,3,1,False
E0005,Togzhan Yessenova,Backend Engineer,Middle,Backend Engineer,Senior,career_goal,SK_APP_SECURITY,Application Security,hard,engineering,1,3,2,False
E0005,Togzhan Yessenova,Backend Engineer,Middle,Backend Engineer,Senior,career_goal,SK_OBSERVABILITY,Observability,hard,engineering,2,3,1,False
E0005,Togzhan Yessenova,Backend Engineer,Middle,Backend Engineer,Senior,career_goal,SK_PROBLEM_SOLVING,Problem Solving,soft,thinking,3,4,1,False
E0005,Togzhan Yessenova,Backend Engineer,Middle,Backend Engineer,Senior,career_goal,SK_MENTORING,Mentoring,soft,leadership,1,3,2,False
E0005,Togzhan Yessenova,Backend Engineer,Middle,Backend Engineer,Senior,career_goal,SK_LEADERSHIP,Leadership,soft,leadership,1,2,1,False
E0005,Togzhan Yessenova,Backend Engineer,Middle,Backend Engineer,Senior,career_goal,SK_PUBLIC_SPEAKING,Public Speaking,soft,communication,0,2,2,False
E0006,Arman Sadykov,Frontend Engineer,Lead,Frontend Engineer,Lead,current_profile,SK_JAVASCRIPT,JavaScript,hard,frontend,2,4,2,False
E0006,Arman Sadykov,Frontend Engineer,Lead,Frontend Engineer,Lead,current_profile,SK_CICD,CI/CD,hard,engineering,1,3,2,False
E0006,Arman Sadykov,Frontend Engineer,Lead,Frontend Engineer,Lead,current_profile,SK_LEADERSHIP,Leadership,soft,leadership,2,4,2,True
E0006,Arman Sadykov,Frontend Engineer,Lead,Frontend Engineer,Lead,current_profile,SK_STAKEHOLDER_MGMT,Stakeholder Management,soft,communication,2,4,2,False
E0006,Arman Sadykov,Frontend Engineer,Lead,Frontend Engineer,Lead,current_profile,SK_PUBLIC_SPEAKING,Public Speaking,soft,communication,2,3,1,False
E0007,Kanat Tulegenov,Backend Engineer,Senior,Backend Engineer,Lead,career_goal,SK_PYTHON,Python,hard,engineering,3,4,1,False
E0007,Kanat Tulegenov,Backend Engineer,Senior,Backend Engineer,Lead,career_goal,SK_API_DESIGN,API Design,hard,engineering,3,4,1,False
E0007,Kanat Tulegenov,Backend Engineer,Senior,Backend Engineer,Lead,career_goal,SK_SYSTEM_DESIGN,System Design,hard,engineering,4,5,1,True
E0007,Kanat Tulegenov,Backend Engineer,Senior,Backend Engineer,Lead,career_goal,SK_CONTAINERS,Containers & Orchestration,hard,engineering,2,3,1,False
E0007,Kanat Tulegenov,Backend Engineer,Senior,Backend Engineer,Lead,career_goal,SK_OBSERVABILITY,Observability,hard,engineering,1,4,3,False
E0007,Kanat Tulegenov,Backend Engineer,Senior,Backend Engineer,Lead,career_goal,SK_COMMUNICATION,Communication,soft,communication,2,4,2,False
E0007,Kanat Tulegenov,Backend Engineer,Senior,Backend Engineer,Lead,career_goal,SK_TEAMWORK,Teamwork,soft,collaboration,2,4,2,False
E0007,Kanat Tulegenov,Backend Engineer,Senior,Backend Engineer,Lead,career_goal,SK_MENTORING,Mentoring,soft,leadership,3,4,1,True
E0007,Kanat Tulegenov,Backend Engineer,Senior,Backend Engineer,Lead,career_goal,SK_LEADERSHIP,Leadership,soft,leadership,2,4,2,True
E0007,Kanat Tulegenov,Backend Engineer,Senior,Backend Engineer,Lead,career_goal,SK_STAKEHOLDER_MGMT,Stakeholder Management,soft,communication,2,4,2,False
E0008,Botagoz Sadykova,Frontend Engineer,Senior,Frontend Engineer,Senior,current_profile,SK_HTML_CSS,HTML & CSS,hard,frontend,3,4,1,False
E0008,Botagoz Sadykova,Frontend Engineer,Senior,Frontend Engineer,Senior,current_profile,SK_ACCESSIBILITY,Web Accessibility,hard,frontend,2,3,1,False
E0008,Botagoz Sadykova,Frontend Engineer,Senior,Frontend Engineer,Senior,current_profile,SK_API_DESIGN,API Design,hard,engineering,1,2,1,False
E0008,Botagoz Sadykova,Frontend Engineer,Senior,Frontend Engineer,Senior,current_profile,SK_CICD,CI/CD,hard,engineering,0,2,2,False
E0008,Botagoz Sadykova,Frontend Engineer,Senior,Frontend Engineer,Senior,current_profile,SK_PROBLEM_SOLVING,Problem Solving,soft,thinking,3,4,1,False
E0008,Botagoz Sadykova,Frontend Engineer,Senior,Frontend Engineer,Senior,current_profile,SK_LEADERSHIP,Leadership,soft,leadership,1,2,1,False
E0009,Anna Novikova,Customer Support Specialist,Junior,QA Engineer,Junior,career_goal,SK_TEST_DESIGN,Test Design,hard,quality,0,2,2,True
E0009,Anna Novikova,Customer Support Specialist,Junior,QA Engineer,Junior,career_goal,SK_API_TESTING,API Testing,hard,quality,0,1,1,False
E0009,Anna Novikova,Customer Support Specialist,Junior,QA Engineer,Junior,career_goal,SK_JAVA,Java,hard,engineering,0,1,1,False
E0009,Anna Novikova,Customer Support Specialist,Junior,QA Engineer,Junior,career_goal,SK_SQL,SQL,hard,engineering,0,1,1,False
E0009,Anna Novikova,Customer Support Specialist,Junior,QA Engineer,Junior,career_goal,SK_WRITTEN_COMMUNICATION,Written Communication,soft,communication,1,2,1,False
E0010,Aruzhan Seitkali,Customer Support Specialist,Middle,QA Engineer,Middle,career_goal,SK_TEST_DESIGN,Test Design,hard,quality,0,3,3,False
E0010,Aruzhan Seitkali,Customer Support Specialist,Middle,QA Engineer,Middle,career_goal,SK_TEST_AUTOMATION,Test Automation,hard,quality,0,2,2,False
E0010,Aruzhan Seitkali,Customer Support Specialist,Middle,QA Engineer,Middle,career_goal,SK_API_TESTING,API Testing,hard,quality,0,3,3,True
E0010,Aruzhan Seitkali,Customer Support Specialist,Middle,QA Engineer,Middle,career_goal,SK_LOAD_TESTING,Load Testing,hard,quality,0,1,1,False
E0010,Aruzhan Seitkali,Customer Support Specialist,Middle,QA Engineer,Middle,career_goal,SK_JAVA,Java,hard,engineering,0,2,2,False
E0010,Aruzhan Seitkali,Customer Support Specialist,Middle,QA Engineer,Middle,career_goal,SK_SQL,SQL,hard,engineering,0,2,2,False
E0010,Aruzhan Seitkali,Customer Support Specialist,Middle,QA Engineer,Middle,career_goal,SK_CICD,CI/CD,hard,engineering,0,1,1,False
E0010,Aruzhan Seitkali,Customer Support Specialist,Middle,QA Engineer,Middle,career_goal,SK_TEAMWORK,Teamwork,soft,collaboration,1,3,2,False
E0011,Anna Lebedeva,Data Analyst,Senior,Data Analyst,Senior,current_profile,SK_SQL,SQL,hard,engineering,2,4,2,False
E0011,Anna Lebedeva,Data Analyst,Senior,Data Analyst,Senior,current_profile,SK_AB_TESTING,A/B Testing,hard,data,3,4,1,True
E0011,Anna Lebedeva,Data Analyst,Senior,Data Analyst,Senior,current_profile,SK_DATA_VIZ,Data Visualization,hard,data,3,4,1,False
E0011,Anna Lebedeva,Data Analyst,Senior,Data Analyst,Senior,current_profile,SK_BI_TOOLS,BI Tools,hard,data,2,3,1,False
E0011,Anna Lebedeva,Data Analyst,Senior,Data Analyst,Senior,current_profile,SK_PRODUCT_ANALYTICS,Product Analytics,hard,product,2,3,1,False
E0011,Anna Lebedeva,Data Analyst,Senior,Data Analyst,Senior,current_profile,SK_COMMUNICATION,Communication,soft,communication,3,4,1,False
E0011,Anna Lebedeva,Data Analyst,Senior,Data Analyst,Senior,current_profile,SK_MENTORING,Mentoring,soft,leadership,1,2,1,False
E0011,Anna Lebedeva,Data Analyst,Senior,Data Analyst,Senior,current_profile,SK_LEADERSHIP,Leadership,soft,leadership,0,2,2,False
E0012,Yerzhan Tulegenov,Sales Manager,Middle,Sales Manager,Senior,career_goal,SK_NEGOTIATION,Negotiation,hard,sales,3,4,1,True
E0012,Yerzhan Tulegenov,Sales Manager,Middle,Sales Manager,Senior,career_goal,SK_ACCOUNT_MGMT,Account Management,hard,sales,2,4,2,True
E0012,Yerzhan Tulegenov,Sales Manager,Middle,Sales Manager,Senior,career_goal,SK_COMMUNICATION,Communication,soft,communication,3,4,1,False
E0012,Yerzhan Tulegenov,Sales Manager,Middle,Sales Manager,Senior,career_goal,SK_PUBLIC_SPEAKING,Public Speaking,soft,communication,1,3,2,False
E0012,Yerzhan Tulegenov,Sales Manager,Middle,Sales Manager,Senior,career_goal,SK_STAKEHOLDER_MGMT,Stakeholder Management,soft,communication,2,3,1,False
E0012,Yerzhan Tulegenov,Sales Manager,Middle,Sales Manager,Senior,career_goal,SK_LEADERSHIP,Leadership,soft,leadership,0,2,2,False
E0013,Rustem Ismailov,Backend Engineer,Senior,Data Analyst,Senior,career_goal,SK_STATISTICS,Statistics,hard,data,0,4,4,True
E0013,Rustem Ismailov,Backend Engineer,Senior,Data Analyst,Senior,career_goal,SK_AB_TESTING,A/B Testing,hard,data,0,4,4,True
E0013,Rustem Ismailov,Backend Engineer,Senior,Data Analyst,Senior,career_goal,SK_DATA_VIZ,Data Visualization,hard,data,0,4,4,False
E0013,Rustem Ismailov,Backend Engineer,Senior,Data Analyst,Senior,career_goal,SK_BI_TOOLS,BI Tools,hard,data,0,3,3,False
E0013,Rustem Ismailov,Backend Engineer,Senior,Data Analyst,Senior,career_goal,SK_DATA_MODELING,Data Modeling,hard,data,0,3,3,False
E0013,Rustem Ismailov,Backend Engineer,Senior,Data Analyst,Senior,career_goal,SK_ML_BASICS,Machine Learning Fundamentals,hard,data,0,2,2,False
E0013,Rustem Ismailov,Backend Engineer,Senior,Data Analyst,Senior,career_goal,SK_PRODUCT_ANALYTICS,Product Analytics,hard,product,0,3,3,False
E0013,Rustem Ismailov,Backend Engineer,Senior,Data Analyst,Senior,career_goal,SK_COMMUNICATION,Communication,soft,communication,2,4,2,False
E0013,Rustem Ismailov,Backend Engineer,Senior,Data Analyst,Senior,career_goal,SK_CRITICAL_THINKING,Critical Thinking,soft,thinking,1,4,3,False
E0013,Rustem Ismailov,Backend Engineer,Senior,Data Analyst,Senior,career_goal,SK_STAKEHOLDER_MGMT,Stakeholder Management,soft,communication,0,3,3,False
E0013,Rustem Ismailov,Backend Engineer,Senior,Data Analyst,Senior,career_goal,SK_PUBLIC_SPEAKING,Public Speaking,soft,communication,1,2,1,False
E0013,Rustem Ismailov,Backend Engineer,Senior,Data Analyst,Senior,career_goal,SK_LEADERSHIP,Leadership,soft,leadership,1,2,1,False
E0014,Yulia Kuznetsova,HR Business Partner,Lead,Product Manager,Lead,career_goal,SK_PRODUCT_DISCOVERY,Product Discovery,hard,product,0,5,5,True
E0014,Yulia Kuznetsova,HR Business Partner,Lead,Product Manager,Lead,career_goal,SK_ROADMAPPING,Roadmapping & Prioritization,hard,product,0,4,4,False
E0014,Yulia Kuznetsova,HR Business Partner,Lead,Product Manager,Lead,career_goal,SK_PRODUCT_ANALYTICS,Product Analytics,hard,product,0,4,4,False
E0014,Yulia Kuznetsova,HR Business Partner,Lead,Product Manager,Lead,career_goal,SK_UX_RESEARCH,UX Research,hard,product,0,4,4,False
E0014,Yulia Kuznetsova,HR Business Partner,Lead,Product Manager,Lead,career_goal,SK_REQUIREMENTS,Requirements Writing,hard,product,0,4,4,False
E0014,Yulia Kuznetsova,HR Business Partner,Lead,Product Manager,Lead,career_goal,SK_AGILE,Agile Practices,hard,product,0,4,4,False
E0014,Yulia Kuznetsova,HR Business Partner,Lead,Product Manager,Lead,career_goal,SK_PROJECT_MGMT,Project Management,hard,product,0,4,4,False
E0014,Yulia Kuznetsova,HR Business Partner,Lead,Product Manager,Lead,career_goal,SK_SQL,SQL,hard,engineering,0,2,2,False
E0014,Yulia Kuznetsova,HR Business Partner,Lead,Product Manager,Lead,career_goal,SK_AB_TESTING,A/B Testing,hard,data,0,3,3,False
E0014,Yulia Kuznetsova,HR Business Partner,Lead,Product Manager,Lead,career_goal,SK_STAKEHOLDER_MGMT,Stakeholder Management,soft,communication,3,5,2,False
E0014,Yulia Kuznetsova,HR Business Partner,Lead,Product Manager,Lead,career_goal,SK_CRITICAL_THINKING,Critical Thinking,soft,thinking,2,4,2,False
E0014,Yulia Kuznetsova,HR Business Partner,Lead,Product Manager,Lead,career_goal,SK_MENTORING,Mentoring,soft,leadership,2,4,2,False
E0015,Zhanna Akhmetova,Frontend Engineer,Middle,Frontend Engineer,Senior,career_goal,SK_JAVASCRIPT,JavaScript,hard,frontend,2,4,2,False
E0015,Zhanna Akhmetova,Frontend Engineer,Middle,Frontend Engineer,Senior,career_goal,SK_TYPESCRIPT,TypeScript,hard,frontend,2,4,2,True
E0015,Zhanna Akhmetova,Frontend Engineer,Middle,Frontend Engineer,Senior,career_goal,SK_REACT,React,hard,frontend,2,4,2,False
E0015,Zhanna Akhmetova,Frontend Engineer,Middle,Frontend Engineer,Senior,career_goal,SK_HTML_CSS,HTML & CSS,hard,frontend,2,4,2,False
E0015,Zhanna Akhmetova,Frontend Engineer,Middle,Frontend Engineer,Senior,career_goal,SK_WEB_PERFORMANCE,Web Performance,hard,frontend,2,4,2,True
E0015,Zhanna Akhmetova,Frontend Engineer,Middle,Frontend Engineer,Senior,career_goal,SK_ACCESSIBILITY,Web Accessibility,hard,frontend,2,3,1,False
E0015,Zhanna Akhmetova,Frontend Engineer,Middle,Frontend Engineer,Senior,career_goal,SK_API_DESIGN,API Design,hard,engineering,1,2,1,False
E0015,Zhanna Akhmetova,Frontend Engineer,Middle,Frontend Engineer,Senior,career_goal,SK_CICD,CI/CD,hard,engineering,1,2,1,False
E0015,Zhanna Akhmetova,Frontend Engineer,Middle,Frontend Engineer,Senior,career_goal,SK_TEAMWORK,Teamwork,soft,collaboration,2,3,1,False
E0015,Zhanna Akhmetova,Frontend Engineer,Middle,Frontend Engineer,Senior,career_goal,SK_PROBLEM_SOLVING,Problem Solving,soft,thinking,2,4,2,False
E0015,Zhanna Akhmetova,Frontend Engineer,Middle,Frontend Engineer,Senior,career_goal,SK_MENTORING,Mentoring,soft,leadership,0,3,3,False
E0015,Zhanna Akhmetova,Frontend Engineer,Middle,Frontend Engineer,Senior,career_goal,SK_LEADERSHIP,Leadership,soft,leadership,1,2,1,False
E0015,Zhanna Akhmetova,Frontend Engineer,Middle,Frontend Engineer,Senior,career_goal,SK_STAKEHOLDER_MGMT,Stakeholder Management,soft,communication,0,2,2,False
E0016,Assel Omarova,Backend Engineer,Junior,Backend Engineer,Middle,career_goal,SK_PYTHON,Python,hard,engineering,1,3,2,True
E0016,Assel Omarova,Backend Engineer,Junior,Backend Engineer,Middle,career_goal,SK_API_DESIGN,API Design,hard,engineering,1,3,2,True
E0016,Assel Omarova,Backend Engineer,Junior,Backend Engineer,Middle,career_goal,SK_SYSTEM_DESIGN,System Design,hard,engineering,0,2,2,False
E0016,Assel Omarova,Backend Engineer,Junior,Backend Engineer,Middle,career_goal,SK_CLOUD,Cloud Platforms,hard,engineering,1,2,1,False
E0016,Assel Omarova,Backend Engineer,Junior,Backend Engineer,Middle,career_goal,SK_CICD,CI/CD,hard,engineering,1,2,1,False
E0016,Assel Omarova,Backend Engineer,Junior,Backend Engineer,Middle,career_goal,SK_APP_SECURITY,Application Security,hard,engineering,0,2,2,False
E0016,Assel Omarova,Backend Engineer,Junior,Backend Engineer,Middle,career_goal,SK_COMMUNICATION,Communication,soft,communication,1,3,2,False
E0016,Assel Omarova,Backend Engineer,Junior,Backend Engineer,Middle,career_goal,SK_TEAMWORK,Teamwork,soft,collaboration,0,3,3,False
E0016,Assel Omarova,Backend Engineer,Junior,Backend Engineer,Middle,career_goal,SK_PROBLEM_SOLVING,Problem Solving,soft,thinking,2,3,1,False
E0017,Kamila Bekova,Product Manager,Senior,Product Manager,Lead,career_goal,SK_ROADMAPPING,Roadmapping & Prioritization,hard,product,3,4,1,False
E0017,Kamila Bekova,Product Manager,Senior,Product Manager,Lead,career_goal,SK_UX_RESEARCH,UX Research,hard,product,2,4,2,False
E0017,Kamila Bekova,Product Manager,Senior,Product Manager,Lead,career_goal,SK_AGILE,Agile Practices,hard,product,2,4,2,False
E0017,Kamila Bekova,Product Manager,Senior,Product Manager,Lead,career_goal,SK_PROJECT_MGMT,Project Management,hard,product,3,4,1,False
E0017,Kamila Bekova,Product Manager,Senior,Product Manager,Lead,career_goal,SK_AB_TESTING,A/B Testing,hard,data,1,3,2,False
E0017,Kamila Bekova,Product Manager,Senior,Product Manager,Lead,career_goal,SK_COMMUNICATION,Communication,soft,communication,4,5,1,False
E0017,Kamila Bekova,Product Manager,Senior,Product Manager,Lead,career_goal,SK_STAKEHOLDER_MGMT,Stakeholder Management,soft,communication,3,5,2,False
E0017,Kamila Bekova,Product Manager,Senior,Product Manager,Lead,career_goal,SK_PUBLIC_SPEAKING,Public Speaking,soft,communication,1,4,3,False
E0017,Kamila Bekova,Product Manager,Senior,Product Manager,Lead,career_goal,SK_CRITICAL_THINKING,Critical Thinking,soft,thinking,3,4,1,False
E0017,Kamila Bekova,Product Manager,Senior,Product Manager,Lead,career_goal,SK_LEADERSHIP,Leadership,soft,leadership,1,4,3,True
E0017,Kamila Bekova,Product Manager,Senior,Product Manager,Lead,career_goal,SK_MENTORING,Mentoring,soft,leadership,1,4,3,False
E0018,Yerzhan Seitkali,Customer Support Specialist,Junior,Customer Support Specialist,Middle,career_goal,SK_CUSTOMER_SERVICE,Customer Service,hard,support,1,3,2,False
E0018,Yerzhan Seitkali,Customer Support Specialist,Junior,Customer Support Specialist,Middle,career_goal,SK_TROUBLESHOOTING,Technical Troubleshooting,hard,support,1,2,1,True
E0018,Yerzhan Seitkali,Customer Support Specialist,Junior,Customer Support Specialist,Middle,career_goal,SK_PRODUCT_KNOWLEDGE,Product Knowledge,hard,sales,2,3,1,False
E0018,Yerzhan Seitkali,Customer Support Specialist,Junior,Customer Support Specialist,Middle,career_goal,SK_CRM,CRM Systems,hard,sales,0,2,2,False
E0018,Yerzhan Seitkali,Customer Support Specialist,Junior,Customer Support Specialist,Middle,career_goal,SK_CONFLICT_RESOLUTION,Conflict Resolution,soft,leadership,1,2,1,True
E0018,Yerzhan Seitkali,Customer Support Specialist,Junior,Customer Support Specialist,Middle,career_goal,SK_TIME_MANAGEMENT,Time Management,soft,personal_effectiveness,2,3,1,False
E0018,Yerzhan Seitkali,Customer Support Specialist,Junior,Customer Support Specialist,Middle,career_goal,SK_ADAPTABILITY,Adaptability,soft,personal_effectiveness,1,2,1,False
E0018,Yerzhan Seitkali,Customer Support Specialist,Junior,Customer Support Specialist,Middle,career_goal,SK_PROBLEM_SOLVING,Problem Solving,soft,thinking,1,2,1,False
E0018,Yerzhan Seitkali,Customer Support Specialist,Junior,Customer Support Specialist,Middle,career_goal,SK_MENTORING,Mentoring,soft,leadership,0,1,1,False
E0019,Anna Pavlova,Frontend Engineer,Junior,Frontend Engineer,Middle,career_goal,SK_JAVASCRIPT,JavaScript,hard,frontend,1,3,2,False
E0019,Anna Pavlova,Frontend Engineer,Junior,Frontend Engineer,Middle,career_goal,SK_TYPESCRIPT,TypeScript,hard,frontend,1,3,2,True
E0019,Anna Pavlova,Frontend Engineer,Junior,Frontend Engineer,Middle,career_goal,SK_REACT,React,hard,frontend,1,3,2,True
E0019,Anna Pavlova,Frontend Engineer,Junior,Frontend Engineer,Middle,career_goal,SK_HTML_CSS,HTML & CSS,hard,frontend,1,3,2,False
E0019,Anna Pavlova,Frontend Engineer,Junior,Frontend Engineer,Middle,career_goal,SK_WEB_PERFORMANCE,Web Performance,hard,frontend,1,2,1,False
E0019,Anna Pavlova,Frontend Engineer,Junior,Frontend Engineer,Middle,career_goal,SK_API_DESIGN,API Design,hard,engineering,0,1,1,False
E0019,Anna Pavlova,Frontend Engineer,Junior,Frontend Engineer,Middle,career_goal,SK_COMMUNICATION,Communication,soft,communication,1,3,2,False
E0019,Anna Pavlova,Frontend Engineer,Junior,Frontend Engineer,Middle,career_goal,SK_TEAMWORK,Teamwork,soft,collaboration,2,3,1,False
E0019,Anna Pavlova,Frontend Engineer,Junior,Frontend Engineer,Middle,career_goal,SK_PROBLEM_SOLVING,Problem Solving,soft,thinking,2,3,1,False
E0019,Anna Pavlova,Frontend Engineer,Junior,Frontend Engineer,Middle,career_goal,SK_MENTORING,Mentoring,soft,leadership,0,1,1,False
E0019,Anna Pavlova,Frontend Engineer,Junior,Frontend Engineer,Middle,career_goal,SK_PUBLIC_SPEAKING,Public Speaking,soft,communication,0,1,1,False
E0020,Rustem Mukanov,Product Manager,Junior,Data Analyst,Junior,career_goal,SK_SQL,SQL,hard,engineering,1,2,1,True
E0020,Rustem Mukanov,Product Manager,Junior,Data Analyst,Junior,career_goal,SK_PYTHON,Python,hard,engineering,0,1,1,False
E0020,Rustem Mukanov,Product Manager,Junior,Data Analyst,Junior,career_goal,SK_STATISTICS,Statistics,hard,data,0,1,1,False
E0020,Rustem Mukanov,Product Manager,Junior,Data Analyst,Junior,career_goal,SK_DATA_VIZ,Data Visualization,hard,data,0,2,2,False
E0020,Rustem Mukanov,Product Manager,Junior,Data Analyst,Junior,career_goal,SK_BI_TOOLS,BI Tools,hard,data,0,2,2,False
E0021,Botagoz Zhumabekova,Customer Support Specialist,Middle,Customer Support Specialist,Middle,current_profile,SK_PROBLEM_SOLVING,Problem Solving,soft,thinking,1,2,1,False
E0022,Ksenia Morozova,Data Analyst,Junior,Data Analyst,Middle,career_goal,SK_PYTHON,Python,hard,engineering,0,2,2,False
E0022,Ksenia Morozova,Data Analyst,Junior,Data Analyst,Middle,career_goal,SK_STATISTICS,Statistics,hard,data,0,3,3,True
E0022,Ksenia Morozova,Data Analyst,Junior,Data Analyst,Middle,career_goal,SK_DATA_VIZ,Data Visualization,hard,data,2,3,1,False
E0022,Ksenia Morozova,Data Analyst,Junior,Data Analyst,Middle,career_goal,SK_DATA_MODELING,Data Modeling,hard,data,1,2,1,False
E0022,Ksenia Morozova,Data Analyst,Junior,Data Analyst,Middle,career_goal,SK_COMMUNICATION,Communication,soft,communication,2,3,1,False
E0022,Ksenia Morozova,Data Analyst,Junior,Data Analyst,Middle,career_goal,SK_CRITICAL_THINKING,Critical Thinking,soft,thinking,2,3,1,False
E0022,Ksenia Morozova,Data Analyst,Junior,Data Analyst,Middle,career_goal,SK_STAKEHOLDER_MGMT,Stakeholder Management,soft,communication,1,2,1,False
E0022,Ksenia Morozova,Data Analyst,Junior,Data Analyst,Middle,career_goal,SK_MENTORING,Mentoring,soft,leadership,0,1,1,False
E0023,Zhanna Baimukhanova,Backend Engineer,Junior,Backend Engineer,Middle,career_goal,SK_PYTHON,Python,hard,engineering,1,3,2,True
E0023,Zhanna Baimukhanova,Backend Engineer,Junior,Backend Engineer,Middle,career_goal,SK_SQL,SQL,hard,engineering,1,3,2,False
E0023,Zhanna Baimukhanova,Backend Engineer,Junior,Backend Engineer,Middle,career_goal,SK_API_DESIGN,API Design,hard,engineering,0,3,3,True
E0023,Zhanna Baimukhanova,Backend Engineer,Junior,Backend Engineer,Middle,career_goal,SK_SYSTEM_DESIGN,System Design,hard,engineering,0,2,2,False
E0023,Zhanna Baimukhanova,Backend Engineer,Junior,Backend Engineer,Middle,career_goal,SK_CLOUD,Cloud Platforms,hard,engineering,0,2,2,False
E0023,Zhanna Baimukhanova,Backend Engineer,Junior,Backend Engineer,Middle,career_goal,SK_CICD,CI/CD,hard,engineering,1,2,1,False
E0023,Zhanna Baimukhanova,Backend Engineer,Junior,Backend Engineer,Middle,career_goal,SK_OBSERVABILITY,Observability,hard,engineering,1,2,1,False
E0023,Zhanna Baimukhanova,Backend Engineer,Junior,Backend Engineer,Middle,career_goal,SK_COMMUNICATION,Communication,soft,communication,2,3,1,False
E0023,Zhanna Baimukhanova,Backend Engineer,Junior,Backend Engineer,Middle,career_goal,SK_TEAMWORK,Teamwork,soft,collaboration,2,3,1,False
E0023,Zhanna Baimukhanova,Backend Engineer,Junior,Backend Engineer,Middle,career_goal,SK_PROBLEM_SOLVING,Problem Solving,soft,thinking,2,3,1,False
E0023,Zhanna Baimukhanova,Backend Engineer,Junior,Backend Engineer,Middle,career_goal,SK_MENTORING,Mentoring,soft,leadership,0,1,1,False
E0024,Pavel Kuznetsov,Customer Support Specialist,Junior,Customer Support Specialist,Middle,career_goal,SK_TROUBLESHOOTING,Technical Troubleshooting,hard,support,0,2,2,True
E0024,Pavel Kuznetsov,Customer Support Specialist,Junior,Customer Support Specialist,Middle,career_goal,SK_PRODUCT_KNOWLEDGE,Product Knowledge,hard,sales,1,3,2,False
E0024,Pavel Kuznetsov,Customer Support Specialist,Junior,Customer Support Specialist,Middle,career_goal,SK_CRM,CRM Systems,hard,sales,0,2,2,False
E0024,Pavel Kuznetsov,Customer Support Specialist,Junior,Customer Support Specialist,Middle,career_goal,SK_WRITTEN_COMMUNICATION,Written Communication,soft,communication,1,3,2,False
E0024,Pavel Kuznetsov,Customer Support Specialist,Junior,Customer Support Specialist,Middle,career_goal,SK_COMMUNICATION,Communication,soft,communication,1,3,2,False
E0024,Pavel Kuznetsov,Customer Support Specialist,Junior,Customer Support Specialist,Middle,career_goal,SK_EMOTIONAL_INTELLIGENCE,Emotional Intelligence,soft,collaboration,2,3,1,False
E0024,Pavel Kuznetsov,Customer Support Specialist,Junior,Customer Support Specialist,Middle,career_goal,SK_TIME_MANAGEMENT,Time Management,soft,personal_effectiveness,2,3,1,False
E0024,Pavel Kuznetsov,Customer Support Specialist,Junior,Customer Support Specialist,Middle,career_goal,SK_ADAPTABILITY,Adaptability,soft,personal_effectiveness,1,2,1,False
E0024,Pavel Kuznetsov,Customer Support Specialist,Junior,Customer Support Specialist,Middle,career_goal,SK_PROBLEM_SOLVING,Problem Solving,soft,thinking,1,2,1,False
E0024,Pavel Kuznetsov,Customer Support Specialist,Junior,Customer Support Specialist,Middle,career_goal,SK_MENTORING,Mentoring,soft,leadership,0,1,1,False
E0024,Pavel Kuznetsov,Customer Support Specialist,Junior,Customer Support Specialist,Middle,career_goal,SK_FEEDBACK,Feedback,soft,leadership,0,1,1,False
E0025,Maxim Ivanov,Data Analyst,Junior,Data Analyst,Junior,current_profile,SK_SQL,SQL,hard,engineering,0,2,2,True
E0025,Maxim Ivanov,Data Analyst,Junior,Data Analyst,Junior,current_profile,SK_PYTHON,Python,hard,engineering,0,1,1,False
E0026,Ainur Utepova,Backend Engineer,Senior,Backend Engineer,Senior,current_profile,SK_PYTHON,Python,hard,engineering,3,4,1,False
E0026,Ainur Utepova,Backend Engineer,Senior,Backend Engineer,Senior,current_profile,SK_SQL,SQL,hard,engineering,3,4,1,False
E0026,Ainur Utepova,Backend Engineer,Senior,Backend Engineer,Senior,current_profile,SK_API_DESIGN,API Design,hard,engineering,3,4,1,True
E0026,Ainur Utepova,Backend Engineer,Senior,Backend Engineer,Senior,current_profile,SK_CLOUD,Cloud Platforms,hard,engineering,2,3,1,False
E0026,Ainur Utepova,Backend Engineer,Senior,Backend Engineer,Senior,current_profile,SK_CICD,CI/CD,hard,engineering,1,3,2,False
E0026,Ainur Utepova,Backend Engineer,Senior,Backend Engineer,Senior,current_profile,SK_APP_SECURITY,Application Security,hard,engineering,2,3,1,False
E0026,Ainur Utepova,Backend Engineer,Senior,Backend Engineer,Senior,current_profile,SK_OBSERVABILITY,Observability,hard,engineering,2,3,1,False
E0026,Ainur Utepova,Backend Engineer,Senior,Backend Engineer,Senior,current_profile,SK_TEAMWORK,Teamwork,soft,collaboration,2,3,1,False
E0026,Ainur Utepova,Backend Engineer,Senior,Backend Engineer,Senior,current_profile,SK_MENTORING,Mentoring,soft,leadership,2,3,1,False
E0026,Ainur Utepova,Backend Engineer,Senior,Backend Engineer,Senior,current_profile,SK_LEADERSHIP,Leadership,soft,leadership,1,2,1,False
E0027,Timur Tulegenov,HR Business Partner,Middle,HR Business Partner,Middle,current_profile,SK_LABOR_LAW,Labor Law,hard,hr,2,3,1,True
E0027,Timur Tulegenov,HR Business Partner,Middle,HR Business Partner,Middle,current_profile,SK_PUBLIC_SPEAKING,Public Speaking,soft,communication,0,2,2,False
E0028,Akmaral Ismailova,Backend Engineer,Middle,Backend Engineer,Middle,current_profile,SK_CLOUD,Cloud Platforms,hard,engineering,1,2,1,False
E0028,Akmaral Ismailova,Backend Engineer,Middle,Backend Engineer,Middle,current_profile,SK_CONTAINERS,Containers & Orchestration,hard,engineering,1,2,1,False
E0028,Akmaral Ismailova,Backend Engineer,Middle,Backend Engineer,Middle,current_profile,SK_OBSERVABILITY,Observability,hard,engineering,1,2,1,False
E0028,Akmaral Ismailova,Backend Engineer,Middle,Backend Engineer,Middle,current_profile,SK_TEAMWORK,Teamwork,soft,collaboration,2,3,1,False
E0029,Rustem Bekov,Customer Support Specialist,Senior,Customer Support Specialist,Lead,career_goal,SK_CUSTOMER_SERVICE,Customer Service,hard,support,3,4,1,False
E0029,Rustem Bekov,Customer Support Specialist,Senior,Customer Support Specialist,Lead,career_goal,SK_TROUBLESHOOTING,Technical Troubleshooting,hard,support,3,4,1,False
E0029,Rustem Bekov,Customer Support Specialist,Senior,Customer Support Specialist,Lead,career_goal,SK_PRODUCT_KNOWLEDGE,Product Knowledge,hard,sales,3,4,1,False
E0029,Rustem Bekov,Customer Support Specialist,Senior,Customer Support Specialist,Lead,career_goal,SK_WRITTEN_COMMUNICATION,Written Communication,soft,communication,3,4,1,False
E0029,Rustem Bekov,Customer Support Specialist,Senior,Customer Support Specialist,Lead,career_goal,SK_CONFLICT_RESOLUTION,Conflict Resolution,soft,leadership,3,4,1,False
E0029,Rustem Bekov,Customer Support Specialist,Senior,Customer Support Specialist,Lead,career_goal,SK_EMOTIONAL_INTELLIGENCE,Emotional Intelligence,soft,collaboration,2,4,2,False
E0029,Rustem Bekov,Customer Support Specialist,Senior,Customer Support Specialist,Lead,career_goal,SK_TIME_MANAGEMENT,Time Management,soft,personal_effectiveness,2,4,2,False
E0029,Rustem Bekov,Customer Support Specialist,Senior,Customer Support Specialist,Lead,career_goal,SK_ADAPTABILITY,Adaptability,soft,personal_effectiveness,2,3,1,False
E0029,Rustem Bekov,Customer Support Specialist,Senior,Customer Support Specialist,Lead,career_goal,SK_PROBLEM_SOLVING,Problem Solving,soft,thinking,3,4,1,False
E0029,Rustem Bekov,Customer Support Specialist,Senior,Customer Support Specialist,Lead,career_goal,SK_MENTORING,Mentoring,soft,leadership,3,4,1,False
E0029,Rustem Bekov,Customer Support Specialist,Senior,Customer Support Specialist,Lead,career_goal,SK_LEADERSHIP,Leadership,soft,leadership,3,4,1,True
E0029,Rustem Bekov,Customer Support Specialist,Senior,Customer Support Specialist,Lead,career_goal,SK_FEEDBACK,Feedback,soft,leadership,0,3,3,True
E0030,Nurlan Utepov,Customer Support Specialist,Middle,Customer Support Specialist,Senior,career_goal,SK_CUSTOMER_SERVICE,Customer Service,hard,support,3,4,1,False
E0030,Nurlan Utepov,Customer Support Specialist,Middle,Customer Support Specialist,Senior,career_goal,SK_TROUBLESHOOTING,Technical Troubleshooting,hard,support,0,3,3,True
E0030,Nurlan Utepov,Customer Support Specialist,Middle,Customer Support Specialist,Senior,career_goal,SK_PRODUCT_KNOWLEDGE,Product Knowledge,hard,sales,3,4,1,False
E0030,Nurlan Utepov,Customer Support Specialist,Middle,Customer Support Specialist,Senior,career_goal,SK_CRM,CRM Systems,hard,sales,1,3,2,False
E0030,Nurlan Utepov,Customer Support Specialist,Middle,Customer Support Specialist,Senior,career_goal,SK_COMMUNICATION,Communication,soft,communication,3,4,1,False
E0030,Nurlan Utepov,Customer Support Specialist,Middle,Customer Support Specialist,Senior,career_goal,SK_CONFLICT_RESOLUTION,Conflict Resolution,soft,leadership,2,3,1,False
E0030,Nurlan Utepov,Customer Support Specialist,Middle,Customer Support Specialist,Senior,career_goal,SK_TIME_MANAGEMENT,Time Management,soft,personal_effectiveness,2,3,1,False
E0030,Nurlan Utepov,Customer Support Specialist,Middle,Customer Support Specialist,Senior,career_goal,SK_PROBLEM_SOLVING,Problem Solving,soft,thinking,0,3,3,False
E0030,Nurlan Utepov,Customer Support Specialist,Middle,Customer Support Specialist,Senior,career_goal,SK_MENTORING,Mentoring,soft,leadership,1,2,1,True
E0030,Nurlan Utepov,Customer Support Specialist,Middle,Customer Support Specialist,Senior,career_goal,SK_LEADERSHIP,Leadership,soft,leadership,1,2,1,False
E0030,Nurlan Utepov,Customer Support Specialist,Middle,Customer Support Specialist,Senior,career_goal,SK_FEEDBACK,Feedback,soft,leadership,1,2,1,False
E0031,Zhanna Mukanova,Customer Support Specialist,Middle,QA Engineer,Middle,career_goal,SK_TEST_DESIGN,Test Design,hard,quality,0,3,3,False
E0031,Zhanna Mukanova,Customer Support Specialist,Middle,QA Engineer,Middle,career_goal,SK_TEST_AUTOMATION,Test Automation,hard,quality,0,2,2,False
E0031,Zhanna Mukanova,Customer Support Specialist,Middle,QA Engineer,Middle,career_goal,SK_API_TESTING,API Testing,hard,quality,0,3,3,True
E0031,Zhanna Mukanova,Customer Support Specialist,Middle,QA Engineer,Middle,career_goal,SK_LOAD_TESTING,Load Testing,hard,quality,0,1,1,False
E0031,Zhanna Mukanova,Customer Support Specialist,Middle,QA Engineer,Middle,career_goal,SK_JAVA,Java,hard,engineering,0,2,2,False
E0031,Zhanna Mukanova,Customer Support Specialist,Middle,QA Engineer,Middle,career_goal,SK_SQL,SQL,hard,engineering,0,2,2,False
E0031,Zhanna Mukanova,Customer Support Specialist,Middle,QA Engineer,Middle,career_goal,SK_CICD,CI/CD,hard,engineering,0,1,1,False
E0031,Zhanna Mukanova,Customer Support Specialist,Middle,QA Engineer,Middle,career_goal,SK_COMMUNICATION,Communication,soft,communication,1,3,2,False
E0031,Zhanna Mukanova,Customer Support Specialist,Middle,QA Engineer,Middle,career_goal,SK_TEAMWORK,Teamwork,soft,collaboration,1,3,2,False
E0032,Daria Novikova,Data Analyst,Junior,Product Manager,Junior,career_goal,SK_PRODUCT_DISCOVERY,Product Discovery,hard,product,0,1,1,False
E0032,Daria Novikova,Data Analyst,Junior,Product Manager,Junior,career_goal,SK_ROADMAPPING,Roadmapping & Prioritization,hard,product,0,1,1,False
E0032,Daria Novikova,Data Analyst,Junior,Product Manager,Junior,career_goal,SK_UX_RESEARCH,UX Research,hard,product,0,1,1,False
E0032,Daria Novikova,Data Analyst,Junior,Product Manager,Junior,career_goal,SK_REQUIREMENTS,Requirements Writing,hard,product,0,2,2,True
E0032,Daria Novikova,Data Analyst,Junior,Product Manager,Junior,career_goal,SK_AGILE,Agile Practices,hard,product,0,2,2,False
E0032,Daria Novikova,Data Analyst,Junior,Product Manager,Junior,career_goal,SK_PROJECT_MGMT,Project Management,hard,product,0,1,1,False
E0032,Daria Novikova,Data Analyst,Junior,Product Manager,Junior,career_goal,SK_COMMUNICATION,Communication,soft,communication,1,3,2,False
E0032,Daria Novikova,Data Analyst,Junior,Product Manager,Junior,career_goal,SK_STAKEHOLDER_MGMT,Stakeholder Management,soft,communication,0,1,1,False
E0032,Daria Novikova,Data Analyst,Junior,Product Manager,Junior,career_goal,SK_PUBLIC_SPEAKING,Public Speaking,soft,communication,0,1,1,False
E0032,Daria Novikova,Data Analyst,Junior,Product Manager,Junior,career_goal,SK_CRITICAL_THINKING,Critical Thinking,soft,thinking,1,2,1,False
E0033,Madina Tulegenova,Data Analyst,Middle,Data Analyst,Senior,career_goal,SK_SQL,SQL,hard,engineering,2,4,2,False
E0033,Madina Tulegenova,Data Analyst,Middle,Data Analyst,Senior,career_goal,SK_PYTHON,Python,hard,engineering,1,3,2,False
E0033,Madina Tulegenova,Data Analyst,Middle,Data Analyst,Senior,career_goal,SK_STATISTICS,Statistics,hard,data,3,4,1,True
E0033,Madina Tulegenova,Data Analyst,Middle,Data Analyst,Senior,career_goal,SK_AB_TESTING,A/B Testing,hard,data,2,4,2,True
E0033,Madina Tulegenova,Data Analyst,Middle,Data Analyst,Senior,career_goal,SK_DATA_VIZ,Data Visualization,hard,data,2,4,2,False
E0033,Madina Tulegenova,Data Analyst,Middle,Data Analyst,Senior,career_goal,SK_ML_BASICS,Machine Learning Fundamentals,hard,data,1,2,1,False
E0033,Madina Tulegenova,Data Analyst,Middle,Data Analyst,Senior,career_goal,SK_PRODUCT_ANALYTICS,Product Analytics,hard,product,0,3,3,False
E0033,Madina Tulegenova,Data Analyst,Middle,Data Analyst,Senior,career_goal,SK_COMMUNICATION,Communication,soft,communication,3,4,1,False
E0033,Madina Tulegenova,Data Analyst,Middle,Data Analyst,Senior,career_goal,SK_CRITICAL_THINKING,Critical Thinking,soft,thinking,3,4,1,False
E0033,Madina Tulegenova,Data Analyst,Middle,Data Analyst,Senior,career_goal,SK_STAKEHOLDER_MGMT,Stakeholder Management,soft,communication,0,3,3,False
E0033,Madina Tulegenova,Data Analyst,Middle,Data Analyst,Senior,career_goal,SK_PUBLIC_SPEAKING,Public Speaking,soft,communication,1,2,1,False
E0033,Madina Tulegenova,Data Analyst,Middle,Data Analyst,Senior,career_goal,SK_LEADERSHIP,Leadership,soft,leadership,1,2,1,False
E0034,Aruzhan Kassymova,Data Analyst,Junior,Data Analyst,Middle,career_goal,SK_SQL,SQL,hard,engineering,2,3,1,True
E0034,Aruzhan Kassymova,Data Analyst,Junior,Data Analyst,Middle,career_goal,SK_PYTHON,Python,hard,engineering,0,2,2,False
E0034,Aruzhan Kassymova,Data Analyst,Junior,Data Analyst,Middle,career_goal,SK_STATISTICS,Statistics,hard,data,0,3,3,True
E0034,Aruzhan Kassymova,Data Analyst,Junior,Data Analyst,Middle,career_goal,SK_AB_TESTING,A/B Testing,hard,data,0,2,2,False
E0034,Aruzhan Kassymova,Data Analyst,Junior,Data Analyst,Middle,career_goal,SK_BI_TOOLS,BI Tools,hard,data,1,3,2,False
E0034,Aruzhan Kassymova,Data Analyst,Junior,Data Analyst,Middle,career_goal,SK_DATA_MODELING,Data Modeling,hard,data,1,2,1,False
E0034,Aruzhan Kassymova,Data Analyst,Junior,Data Analyst,Middle,career_goal,SK_ML_BASICS,Machine Learning Fundamentals,hard,data,0,1,1,False
E0034,Aruzhan Kassymova,Data Analyst,Junior,Data Analyst,Middle,career_goal,SK_COMMUNICATION,Communication,soft,communication,1,3,2,False
E0034,Aruzhan Kassymova,Data Analyst,Junior,Data Analyst,Middle,career_goal,SK_CRITICAL_THINKING,Critical Thinking,soft,thinking,1,3,2,False
E0034,Aruzhan Kassymova,Data Analyst,Junior,Data Analyst,Middle,career_goal,SK_STAKEHOLDER_MGMT,Stakeholder Management,soft,communication,1,2,1,False
E0034,Aruzhan Kassymova,Data Analyst,Junior,Data Analyst,Middle,career_goal,SK_PUBLIC_SPEAKING,Public Speaking,soft,communication,0,1,1,False
E0035,Zarina Omarova,Customer Support Specialist,Lead,Customer Support Specialist,Lead,current_profile,SK_PRODUCT_KNOWLEDGE,Product Knowledge,hard,sales,3,4,1,False
E0035,Zarina Omarova,Customer Support Specialist,Lead,Customer Support Specialist,Lead,current_profile,SK_COMMUNICATION,Communication,soft,communication,3,4,1,False
E0035,Zarina Omarova,Customer Support Specialist,Lead,Customer Support Specialist,Lead,current_profile,SK_EMOTIONAL_INTELLIGENCE,Emotional Intelligence,soft,collaboration,2,4,2,False
E0035,Zarina Omarova,Customer Support Specialist,Lead,Customer Support Specialist,Lead,current_profile,SK_ADAPTABILITY,Adaptability,soft,personal_effectiveness,2,3,1,False
E0035,Zarina Omarova,Customer Support Specialist,Lead,Customer Support Specialist,Lead,current_profile,SK_PROBLEM_SOLVING,Problem Solving,soft,thinking,3,4,1,False
E0035,Zarina Omarova,Customer Support Specialist,Lead,Customer Support Specialist,Lead,current_profile,SK_LEADERSHIP,Leadership,soft,leadership,3,4,1,True
E0036,Aigerim Baimukhanova,Frontend Engineer,Junior,Product Manager,Junior,career_goal,SK_PRODUCT_DISCOVERY,Product Discovery,hard,product,0,1,1,False
E0036,Aigerim Baimukhanova,Frontend Engineer,Junior,Product Manager,Junior,career_goal,SK_ROADMAPPING,Roadmapping & Prioritization,hard,product,0,1,1,False
E0036,Aigerim Baimukhanova,Frontend Engineer,Junior,Product Manager,Junior,career_goal,SK_PRODUCT_ANALYTICS,Product Analytics,hard,product,0,1,1,False
E0036,Aigerim Baimukhanova,Frontend Engineer,Junior,Product Manager,Junior,career_goal,SK_UX_RESEARCH,UX Research,hard,product,0,1,1,False
E0036,Aigerim Baimukhanova,Frontend Engineer,Junior,Product Manager,Junior,career_goal,SK_REQUIREMENTS,Requirements Writing,hard,product,0,2,2,True
E0036,Aigerim Baimukhanova,Frontend Engineer,Junior,Product Manager,Junior,career_goal,SK_AGILE,Agile Practices,hard,product,0,2,2,False
E0036,Aigerim Baimukhanova,Frontend Engineer,Junior,Product Manager,Junior,career_goal,SK_PROJECT_MGMT,Project Management,hard,product,0,1,1,False
E0036,Aigerim Baimukhanova,Frontend Engineer,Junior,Product Manager,Junior,career_goal,SK_COMMUNICATION,Communication,soft,communication,2,3,1,False
E0037,Zarina Sarsenbayeva,Frontend Engineer,Junior,Frontend Engineer,Middle,career_goal,SK_JAVASCRIPT,JavaScript,hard,frontend,2,3,1,False
E0037,Zarina Sarsenbayeva,Frontend Engineer,Junior,Frontend Engineer,Middle,career_goal,SK_TYPESCRIPT,TypeScript,hard,frontend,0,3,3,True
E0037,Zarina Sarsenbayeva,Frontend Engineer,Junior,Frontend Engineer,Middle,career_goal,SK_REACT,React,hard,frontend,1,3,2,True
E0037,Zarina Sarsenbayeva,Frontend Engineer,Junior,Frontend Engineer,Middle,career_goal,SK_HTML_CSS,HTML & CSS,hard,frontend,0,3,3,False
E0037,Zarina Sarsenbayeva,Frontend Engineer,Junior,Frontend Engineer,Middle,career_goal,SK_WEB_PERFORMANCE,Web Performance,hard,frontend,1,2,1,False
E0037,Zarina Sarsenbayeva,Frontend Engineer,Junior,Frontend Engineer,Middle,career_goal,SK_ACCESSIBILITY,Web Accessibility,hard,frontend,1,2,1,False
E0037,Zarina Sarsenbayeva,Frontend Engineer,Junior,Frontend Engineer,Middle,career_goal,SK_API_DESIGN,API Design,hard,engineering,0,1,1,False
E0037,Zarina Sarsenbayeva,Frontend Engineer,Junior,Frontend Engineer,Middle,career_goal,SK_CICD,CI/CD,hard,engineering,0,1,1,False
E0037,Zarina Sarsenbayeva,Frontend Engineer,Junior,Frontend Engineer,Middle,career_goal,SK_COMMUNICATION,Communication,soft,communication,2,3,1,False
E0037,Zarina Sarsenbayeva,Frontend Engineer,Junior,Frontend Engineer,Middle,career_goal,SK_TEAMWORK,Teamwork,soft,collaboration,2,3,1,False
E0037,Zarina Sarsenbayeva,Frontend Engineer,Junior,Frontend Engineer,Middle,career_goal,SK_PROBLEM_SOLVING,Problem Solving,soft,thinking,2,3,1,False
E0038,Madina Mukanova,Product Manager,Senior,Product Manager,Senior,current_profile,SK_PRODUCT_DISCOVERY,Product Discovery,hard,product,3,4,1,False
E0038,Madina Mukanova,Product Manager,Senior,Product Manager,Senior,current_profile,SK_UX_RESEARCH,UX Research,hard,product,2,3,1,False
E0038,Madina Mukanova,Product Manager,Senior,Product Manager,Senior,current_profile,SK_PROJECT_MGMT,Project Management,hard,product,2,3,1,False
E0038,Madina Mukanova,Product Manager,Senior,Product Manager,Senior,current_profile,SK_STAKEHOLDER_MGMT,Stakeholder Management,soft,communication,3,4,1,True
E0039,Pavel Petrov,Data Analyst,Middle,Data Analyst,Senior,career_goal,SK_SQL,SQL,hard,engineering,1,4,3,False
E0039,Pavel Petrov,Data Analyst,Middle,Data Analyst,Senior,career_goal,SK_PYTHON,Python,hard,engineering,0,3,3,False
E0039,Pavel Petrov,Data Analyst,Middle,Data Analyst,Senior,career_goal,SK_STATISTICS,Statistics,hard,data,3,4,1,True
E0039,Pavel Petrov,Data Analyst,Middle,Data Analyst,Senior,career_goal,SK_AB_TESTING,A/B Testing,hard,data,0,4,4,True
E0039,Pavel Petrov,Data Analyst,Middle,Data Analyst,Senior,career_goal,SK_DATA_VIZ,Data Visualization,hard,data,1,4,3,False
E0039,Pavel Petrov,Data Analyst,Middle,Data Analyst,Senior,career_goal,SK_DATA_MODELING,Data Modeling,hard,data,2,3,1,False
E0039,Pavel Petrov,Data Analyst,Middle,Data Analyst,Senior,career_goal,SK_ML_BASICS,Machine Learning Fundamentals,hard,data,1,2,1,False
E0039,Pavel Petrov,Data Analyst,Middle,Data Analyst,Senior,career_goal,SK_PRODUCT_ANALYTICS,Product Analytics,hard,product,2,3,1,False
E0039,Pavel Petrov,Data Analyst,Middle,Data Analyst,Senior,career_goal,SK_COMMUNICATION,Communication,soft,communication,3,4,1,False
E0039,Pavel Petrov,Data Analyst,Middle,Data Analyst,Senior,career_goal,SK_STAKEHOLDER_MGMT,Stakeholder Management,soft,communication,1,3,2,False
E0039,Pavel Petrov,Data Analyst,Middle,Data Analyst,Senior,career_goal,SK_PUBLIC_SPEAKING,Public Speaking,soft,communication,0,2,2,False
E0039,Pavel Petrov,Data Analyst,Middle,Data Analyst,Senior,career_goal,SK_MENTORING,Mentoring,soft,leadership,0,2,2,False
E0039,Pavel Petrov,Data Analyst,Middle,Data Analyst,Senior,career_goal,SK_LEADERSHIP,Leadership,soft,leadership,0,2,2,False
E0040,Irina Pavlova,Backend Engineer,Junior,Backend Engineer,Junior,current_profile,SK_API_DESIGN,API Design,hard,engineering,0,1,1,False
E0040,Irina Pavlova,Backend Engineer,Junior,Backend Engineer,Junior,current_profile,SK_SYSTEM_DESIGN,System Design,hard,engineering,0,1,1,False
E0040,Irina Pavlova,Backend Engineer,Junior,Backend Engineer,Junior,current_profile,SK_CLOUD,Cloud Platforms,hard,engineering,0,1,1,False
E0040,Irina Pavlova,Backend Engineer,Junior,Backend Engineer,Junior,current_profile,SK_CONTAINERS,Containers & Orchestration,hard,engineering,0,1,1,False
E0040,Irina Pavlova,Backend Engineer,Junior,Backend Engineer,Junior,current_profile,SK_APP_SECURITY,Application Security,hard,engineering,0,1,1,False
E0041,Moldir Seitkali,Product Manager,Senior,Product Manager,Lead,career_goal,SK_PRODUCT_DISCOVERY,Product Discovery,hard,product,4,5,1,True
E0041,Moldir Seitkali,Product Manager,Senior,Product Manager,Lead,career_goal,SK_UX_RESEARCH,UX Research,hard,product,2,4,2,False
E0041,Moldir Seitkali,Product Manager,Senior,Product Manager,Lead,career_goal,SK_REQUIREMENTS,Requirements Writing,hard,product,3,4,1,False
E0041,Moldir Seitkali,Product Manager,Senior,Product Manager,Lead,career_goal,SK_AGILE,Agile Practices,hard,product,2,4,2,False
E0041,Moldir Seitkali,Product Manager,Senior,Product Manager,Lead,career_goal,SK_PROJECT_MGMT,Project Management,hard,product,3,4,1,False
E0041,Moldir Seitkali,Product Manager,Senior,Product Manager,Lead,career_goal,SK_COMMUNICATION,Communication,soft,communication,4,5,1,False
E0041,Moldir Seitkali,Product Manager,Senior,Product Manager,Lead,career_goal,SK_STAKEHOLDER_MGMT,Stakeholder Management,soft,communication,4,5,1,False
E0041,Moldir Seitkali,Product Manager,Senior,Product Manager,Lead,career_goal,SK_PUBLIC_SPEAKING,Public Speaking,soft,communication,3,4,1,False
E0041,Moldir Seitkali,Product Manager,Senior,Product Manager,Lead,career_goal,SK_LEADERSHIP,Leadership,soft,leadership,2,4,2,True
E0041,Moldir Seitkali,Product Manager,Senior,Product Manager,Lead,career_goal,SK_MENTORING,Mentoring,soft,leadership,1,4,3,False
E0042,Ekaterina Kuznetsova,Frontend Engineer,Junior,Frontend Engineer,Middle,career_goal,SK_JAVASCRIPT,JavaScript,hard,frontend,2,3,1,False
E0042,Ekaterina Kuznetsova,Frontend Engineer,Junior,Frontend Engineer,Middle,career_goal,SK_TYPESCRIPT,TypeScript,hard,frontend,1,3,2,True
E0042,Ekaterina Kuznetsova,Frontend Engineer,Junior,Frontend Engineer,Middle,career_goal,SK_REACT,React,hard,frontend,2,3,1,True
E0042,Ekaterina Kuznetsova,Frontend Engineer,Junior,Frontend Engineer,Middle,career_goal,SK_HTML_CSS,HTML & CSS,hard,frontend,1,3,2,False
E0042,Ekaterina Kuznetsova,Frontend Engineer,Junior,Frontend Engineer,Middle,career_goal,SK_WEB_PERFORMANCE,Web Performance,hard,frontend,1,2,1,False
E0042,Ekaterina Kuznetsova,Frontend Engineer,Junior,Frontend Engineer,Middle,career_goal,SK_ACCESSIBILITY,Web Accessibility,hard,frontend,1,2,1,False
E0042,Ekaterina Kuznetsova,Frontend Engineer,Junior,Frontend Engineer,Middle,career_goal,SK_API_DESIGN,API Design,hard,engineering,0,1,1,False
E0042,Ekaterina Kuznetsova,Frontend Engineer,Junior,Frontend Engineer,Middle,career_goal,SK_COMMUNICATION,Communication,soft,communication,2,3,1,False
E0042,Ekaterina Kuznetsova,Frontend Engineer,Junior,Frontend Engineer,Middle,career_goal,SK_TEAMWORK,Teamwork,soft,collaboration,2,3,1,False
E0042,Ekaterina Kuznetsova,Frontend Engineer,Junior,Frontend Engineer,Middle,career_goal,SK_PROBLEM_SOLVING,Problem Solving,soft,thinking,2,3,1,False
E0042,Ekaterina Kuznetsova,Frontend Engineer,Junior,Frontend Engineer,Middle,career_goal,SK_PUBLIC_SPEAKING,Public Speaking,soft,communication,0,1,1,False
E0043,Aidos Akhmetov,Frontend Engineer,Senior,Frontend Engineer,Senior,current_profile,SK_TYPESCRIPT,TypeScript,hard,frontend,3,4,1,True
E0043,Aidos Akhmetov,Frontend Engineer,Senior,Frontend Engineer,Senior,current_profile,SK_HTML_CSS,HTML & CSS,hard,frontend,3,4,1,False
E0043,Aidos Akhmetov,Frontend Engineer,Senior,Frontend Engineer,Senior,current_profile,SK_ACCESSIBILITY,Web Accessibility,hard,frontend,2,3,1,False
E0043,Aidos Akhmetov,Frontend Engineer,Senior,Frontend Engineer,Senior,current_profile,SK_API_DESIGN,API Design,hard,engineering,1,2,1,False
E0043,Aidos Akhmetov,Frontend Engineer,Senior,Frontend Engineer,Senior,current_profile,SK_PROBLEM_SOLVING,Problem Solving,soft,thinking,3,4,1,False
E0043,Aidos Akhmetov,Frontend Engineer,Senior,Frontend Engineer,Senior,current_profile,SK_MENTORING,Mentoring,soft,leadership,2,3,1,False
E0043,Aidos Akhmetov,Frontend Engineer,Senior,Frontend Engineer,Senior,current_profile,SK_LEADERSHIP,Leadership,soft,leadership,0,2,2,False
E0043,Aidos Akhmetov,Frontend Engineer,Senior,Frontend Engineer,Senior,current_profile,SK_STAKEHOLDER_MGMT,Stakeholder Management,soft,communication,1,2,1,False
E0044,Gulnara Zhumabekova,Frontend Engineer,Lead,Product Manager,Lead,career_goal,SK_PRODUCT_DISCOVERY,Product Discovery,hard,product,0,5,5,True
E0044,Gulnara Zhumabekova,Frontend Engineer,Lead,Product Manager,Lead,career_goal,SK_ROADMAPPING,Roadmapping & Prioritization,hard,product,0,4,4,False
E0044,Gulnara Zhumabekova,Frontend Engineer,Lead,Product Manager,Lead,career_goal,SK_PRODUCT_ANALYTICS,Product Analytics,hard,product,0,4,4,False
E0044,Gulnara Zhumabekova,Frontend Engineer,Lead,Product Manager,Lead,career_goal,SK_UX_RESEARCH,UX Research,hard,product,0,4,4,False
E0044,Gulnara Zhumabekova,Frontend Engineer,Lead,Product Manager,Lead,career_goal,SK_REQUIREMENTS,Requirements Writing,hard,product,0,4,4,False
E0044,Gulnara Zhumabekova,Frontend Engineer,Lead,Product Manager,Lead,career_goal,SK_AGILE,Agile Practices,hard,product,0,4,4,False
E0044,Gulnara Zhumabekova,Frontend Engineer,Lead,Product Manager,Lead,career_goal,SK_PROJECT_MGMT,Project Management,hard,product,1,4,3,False
E0044,Gulnara Zhumabekova,Frontend Engineer,Lead,Product Manager,Lead,career_goal,SK_SQL,SQL,hard,engineering,0,2,2,False
E0044,Gulnara Zhumabekova,Frontend Engineer,Lead,Product Manager,Lead,career_goal,SK_AB_TESTING,A/B Testing,hard,data,0,3,3,False
E0044,Gulnara Zhumabekova,Frontend Engineer,Lead,Product Manager,Lead,career_goal,SK_COMMUNICATION,Communication,soft,communication,2,5,3,False
E0044,Gulnara Zhumabekova,Frontend Engineer,Lead,Product Manager,Lead,career_goal,SK_STAKEHOLDER_MGMT,Stakeholder Management,soft,communication,3,5,2,False
E0044,Gulnara Zhumabekova,Frontend Engineer,Lead,Product Manager,Lead,career_goal,SK_CRITICAL_THINKING,Critical Thinking,soft,thinking,3,4,1,False
E0044,Gulnara Zhumabekova,Frontend Engineer,Lead,Product Manager,Lead,career_goal,SK_MENTORING,Mentoring,soft,leadership,3,4,1,False
E0045,Kanat Temirkhanov,Sales Manager,Junior,Sales Manager,Middle,career_goal,SK_PROSPECTING,Prospecting,hard,sales,2,3,1,True
E0045,Kanat Temirkhanov,Sales Manager,Junior,Sales Manager,Middle,career_goal,SK_NEGOTIATION,Negotiation,hard,sales,0,3,3,True
E0045,Kanat Temirkhanov,Sales Manager,Junior,Sales Manager,Middle,career_goal,SK_ACCOUNT_MGMT,Account Management,hard,sales,1,2,1,False
E0045,Kanat Temirkhanov,Sales Manager,Junior,Sales Manager,Middle,career_goal,SK_PRODUCT_KNOWLEDGE,Product Knowledge,hard,sales,2,3,1,False
E0045,Kanat Temirkhanov,Sales Manager,Junior,Sales Manager,Middle,career_goal,SK_PUBLIC_SPEAKING,Public Speaking,soft,communication,0,2,2,False
E0045,Kanat Temirkhanov,Sales Manager,Junior,Sales Manager,Middle,career_goal,SK_EMOTIONAL_INTELLIGENCE,Emotional Intelligence,soft,collaboration,2,3,1,False
E0045,Kanat Temirkhanov,Sales Manager,Junior,Sales Manager,Middle,career_goal,SK_STAKEHOLDER_MGMT,Stakeholder Management,soft,communication,1,2,1,False
E0045,Kanat Temirkhanov,Sales Manager,Junior,Sales Manager,Middle,career_goal,SK_TIME_MANAGEMENT,Time Management,soft,personal_effectiveness,1,3,2,False
E0046,Dauren Zhumabekov,Sales Manager,Middle,Sales Manager,Senior,career_goal,SK_NEGOTIATION,Negotiation,hard,sales,2,4,2,True
E0046,Dauren Zhumabekov,Sales Manager,Middle,Sales Manager,Senior,career_goal,SK_CRM,CRM Systems,hard,sales,1,3,2,False
E0046,Dauren Zhumabekov,Sales Manager,Middle,Sales Manager,Senior,career_goal,SK_ACCOUNT_MGMT,Account Management,hard,sales,2,4,2,True
E0046,Dauren Zhumabekov,Sales Manager,Middle,Sales Manager,Senior,career_goal,SK_PRODUCT_KNOWLEDGE,Product Knowledge,hard,sales,2,4,2,False
E0046,Dauren Zhumabekov,Sales Manager,Middle,Sales Manager,Senior,career_goal,SK_COMMUNICATION,Communication,soft,communication,3,4,1,False
E0046,Dauren Zhumabekov,Sales Manager,Middle,Sales Manager,Senior,career_goal,SK_EMOTIONAL_INTELLIGENCE,Emotional Intelligence,soft,collaboration,2,3,1,False
E0046,Dauren Zhumabekov,Sales Manager,Middle,Sales Manager,Senior,career_goal,SK_ADAPTABILITY,Adaptability,soft,personal_effectiveness,2,3,1,False
E0046,Dauren Zhumabekov,Sales Manager,Middle,Sales Manager,Senior,career_goal,SK_LEADERSHIP,Leadership,soft,leadership,1,2,1,False
E0046,Dauren Zhumabekov,Sales Manager,Middle,Sales Manager,Senior,career_goal,SK_MENTORING,Mentoring,soft,leadership,0,2,2,False
E0047,Symbat Baimukhanova,Backend Engineer,Middle,Backend Engineer,Middle,current_profile,SK_SQL,SQL,hard,engineering,1,3,2,False
E0047,Symbat Baimukhanova,Backend Engineer,Middle,Backend Engineer,Middle,current_profile,SK_API_DESIGN,API Design,hard,engineering,2,3,1,True
E0047,Symbat Baimukhanova,Backend Engineer,Middle,Backend Engineer,Middle,current_profile,SK_CLOUD,Cloud Platforms,hard,engineering,1,2,1,False
E0047,Symbat Baimukhanova,Backend Engineer,Middle,Backend Engineer,Middle,current_profile,SK_APP_SECURITY,Application Security,hard,engineering,1,2,1,False
E0047,Symbat Baimukhanova,Backend Engineer,Middle,Backend Engineer,Middle,current_profile,SK_OBSERVABILITY,Observability,hard,engineering,0,2,2,False
E0047,Symbat Baimukhanova,Backend Engineer,Middle,Backend Engineer,Middle,current_profile,SK_PROBLEM_SOLVING,Problem Solving,soft,thinking,2,3,1,False
E0047,Symbat Baimukhanova,Backend Engineer,Middle,Backend Engineer,Middle,current_profile,SK_MENTORING,Mentoring,soft,leadership,0,1,1,False
E0048,Denis Smirnov,Data Analyst,Middle,Data Analyst,Senior,career_goal,SK_SQL,SQL,hard,engineering,3,4,1,False
E0048,Denis Smirnov,Data Analyst,Middle,Data Analyst,Senior,career_goal,SK_PYTHON,Python,hard,engineering,1,3,2,False
E0048,Denis Smirnov,Data Analyst,Middle,Data Analyst,Senior,career_goal,SK_STATISTICS,Statistics,hard,data,3,4,1,True
E0048,Denis Smirnov,Data Analyst,Middle,Data Analyst,Senior,career_goal,SK_AB_TESTING,A/B Testing,hard,data,1,4,3,True
E0048,Denis Smirnov,Data Analyst,Middle,Data Analyst,Senior,career_goal,SK_DATA_VIZ,Data Visualization,hard,data,3,4,1,False
E0048,Denis Smirnov,Data Analyst,Middle,Data Analyst,Senior,career_goal,SK_ML_BASICS,Machine Learning Fundamentals,hard,data,0,2,2,False
E0048,Denis Smirnov,Data Analyst,Middle,Data Analyst,Senior,career_goal,SK_PRODUCT_ANALYTICS,Product Analytics,hard,product,0,3,3,False
E0048,Denis Smirnov,Data Analyst,Middle,Data Analyst,Senior,career_goal,SK_COMMUNICATION,Communication,soft,communication,3,4,1,False
E0048,Denis Smirnov,Data Analyst,Middle,Data Analyst,Senior,career_goal,SK_CRITICAL_THINKING,Critical Thinking,soft,thinking,3,4,1,False
E0048,Denis Smirnov,Data Analyst,Middle,Data Analyst,Senior,career_goal,SK_STAKEHOLDER_MGMT,Stakeholder Management,soft,communication,2,3,1,False
E0048,Denis Smirnov,Data Analyst,Middle,Data Analyst,Senior,career_goal,SK_PUBLIC_SPEAKING,Public Speaking,soft,communication,0,2,2,False
E0048,Denis Smirnov,Data Analyst,Middle,Data Analyst,Senior,career_goal,SK_MENTORING,Mentoring,soft,leadership,1,2,1,False
E0048,Denis Smirnov,Data Analyst,Middle,Data Analyst,Senior,career_goal,SK_LEADERSHIP,Leadership,soft,leadership,0,2,2,False
E0049,Yulia Popova,Sales Manager,Junior,Sales Manager,Junior,current_profile,SK_CRM,CRM Systems,hard,sales,0,2,2,False
E0049,Yulia Popova,Sales Manager,Junior,Sales Manager,Junior,current_profile,SK_PUBLIC_SPEAKING,Public Speaking,soft,communication,0,1,1,False
E0049,Yulia Popova,Sales Manager,Junior,Sales Manager,Junior,current_profile,SK_ADAPTABILITY,Adaptability,soft,personal_effectiveness,1,2,1,False
E0050,Symbat Abenova,Backend Engineer,Lead,Data Analyst,Lead,career_goal,SK_STATISTICS,Statistics,hard,data,0,4,4,False
E0050,Symbat Abenova,Backend Engineer,Lead,Data Analyst,Lead,career_goal,SK_AB_TESTING,A/B Testing,hard,data,1,4,3,False
E0050,Symbat Abenova,Backend Engineer,Lead,Data Analyst,Lead,career_goal,SK_DATA_VIZ,Data Visualization,hard,data,0,4,4,False
E0050,Symbat Abenova,Backend Engineer,Lead,Data Analyst,Lead,career_goal,SK_BI_TOOLS,BI Tools,hard,data,0,4,4,False
E0050,Symbat Abenova,Backend Engineer,Lead,Data Analyst,Lead,career_goal,SK_DATA_MODELING,Data Modeling,hard,data,0,4,4,False
E0050,Symbat Abenova,Backend Engineer,Lead,Data Analyst,Lead,career_goal,SK_ML_BASICS,Machine Learning Fundamentals,hard,data,0,3,3,False
E0050,Symbat Abenova,Backend Engineer,Lead,Data Analyst,Lead,career_goal,SK_PRODUCT_ANALYTICS,Product Analytics,hard,product,0,3,3,False
E0050,Symbat Abenova,Backend Engineer,Lead,Data Analyst,Lead,career_goal,SK_CRITICAL_THINKING,Critical Thinking,soft,thinking,3,4,1,False
E0050,Symbat Abenova,Backend Engineer,Lead,Data Analyst,Lead,career_goal,SK_STAKEHOLDER_MGMT,Stakeholder Management,soft,communication,2,4,2,True
E0050,Symbat Abenova,Backend Engineer,Lead,Data Analyst,Lead,career_goal,SK_PUBLIC_SPEAKING,Public Speaking,soft,communication,2,3,1,False
E0051,Kamila Abenova,Sales Manager,Senior,Sales Manager,Lead,career_goal,SK_NEGOTIATION,Negotiation,hard,sales,4,5,1,False
E0051,Kamila Abenova,Sales Manager,Senior,Sales Manager,Lead,career_goal,SK_CRM,CRM Systems,hard,sales,2,4,2,False
E0051,Kamila Abenova,Sales Manager,Senior,Sales Manager,Lead,career_goal,SK_PRODUCT_KNOWLEDGE,Product Knowledge,hard,sales,3,4,1,False
E0051,Kamila Abenova,Sales Manager,Senior,Sales Manager,Lead,career_goal,SK_COMMUNICATION,Communication,soft,communication,3,5,2,False
E0051,Kamila Abenova,Sales Manager,Senior,Sales Manager,Lead,career_goal,SK_PUBLIC_SPEAKING,Public Speaking,soft,communication,2,4,2,False
E0051,Kamila Abenova,Sales Manager,Senior,Sales Manager,Lead,career_goal,SK_EMOTIONAL_INTELLIGENCE,Emotional Intelligence,soft,collaboration,2,4,2,False
E0051,Kamila Abenova,Sales Manager,Senior,Sales Manager,Lead,career_goal,SK_STAKEHOLDER_MGMT,Stakeholder Management,soft,communication,3,4,1,False
E0051,Kamila Abenova,Sales Manager,Senior,Sales Manager,Lead,career_goal,SK_TIME_MANAGEMENT,Time Management,soft,personal_effectiveness,2,4,2,False
E0051,Kamila Abenova,Sales Manager,Senior,Sales Manager,Lead,career_goal,SK_LEADERSHIP,Leadership,soft,leadership,2,4,2,True
E0051,Kamila Abenova,Sales Manager,Senior,Sales Manager,Lead,career_goal,SK_MENTORING,Mentoring,soft,leadership,1,4,3,True
E0052,Maxim Kozlov,HR Business Partner,Middle,HR Business Partner,Middle,current_profile,SK_TALENT_ACQUISITION,Talent Acquisition,hard,hr,2,3,1,False
E0052,Maxim Kozlov,HR Business Partner,Middle,HR Business Partner,Middle,current_profile,SK_EMPLOYEE_RELATIONS,Employee Relations,hard,hr,1,3,2,True
E0052,Maxim Kozlov,HR Business Partner,Middle,HR Business Partner,Middle,current_profile,SK_EMOTIONAL_INTELLIGENCE,Emotional Intelligence,soft,collaboration,2,3,1,False
E0052,Maxim Kozlov,HR Business Partner,Middle,HR Business Partner,Middle,current_profile,SK_FEEDBACK,Feedback,soft,leadership,1,2,1,False
E0052,Maxim Kozlov,HR Business Partner,Middle,HR Business Partner,Middle,current_profile,SK_STAKEHOLDER_MGMT,Stakeholder Management,soft,communication,1,2,1,False
E0052,Maxim Kozlov,HR Business Partner,Middle,HR Business Partner,Middle,current_profile,SK_PUBLIC_SPEAKING,Public Speaking,soft,communication,1,2,1,False
E0052,Maxim Kozlov,HR Business Partner,Middle,HR Business Partner,Middle,current_profile,SK_MENTORING,Mentoring,soft,leadership,0,1,1,False
E0053,Aigerim Abenova,QA Engineer,Junior,QA Engineer,Middle,career_goal,SK_API_TESTING,API Testing,hard,quality,0,3,3,True
E0053,Aigerim Abenova,QA Engineer,Junior,QA Engineer,Middle,career_goal,SK_LOAD_TESTING,Load Testing,hard,quality,0,1,1,False
E0053,Aigerim Abenova,QA Engineer,Junior,QA Engineer,Middle,career_goal,SK_SQL,SQL,hard,engineering,0,2,2,False
E0053,Aigerim Abenova,QA Engineer,Junior,QA Engineer,Middle,career_goal,SK_CICD,CI/CD,hard,engineering,0,1,1,False
E0053,Aigerim Abenova,QA Engineer,Junior,QA Engineer,Middle,career_goal,SK_COMMUNICATION,Communication,soft,communication,0,3,3,False
E0053,Aigerim Abenova,QA Engineer,Junior,QA Engineer,Middle,career_goal,SK_TEAMWORK,Teamwork,soft,collaboration,1,3,2,False
E0053,Aigerim Abenova,QA Engineer,Junior,QA Engineer,Middle,career_goal,SK_CRITICAL_THINKING,Critical Thinking,soft,thinking,1,3,2,False
E0053,Aigerim Abenova,QA Engineer,Junior,QA Engineer,Middle,career_goal,SK_WRITTEN_COMMUNICATION,Written Communication,soft,communication,1,2,1,False
E0054,Dinara Sadykova,Data Analyst,Senior,Data Analyst,Senior,current_profile,SK_DATA_VIZ,Data Visualization,hard,data,2,4,2,False
E0054,Dinara Sadykova,Data Analyst,Senior,Data Analyst,Senior,current_profile,SK_DATA_MODELING,Data Modeling,hard,data,2,3,1,False
E0054,Dinara Sadykova,Data Analyst,Senior,Data Analyst,Senior,current_profile,SK_ML_BASICS,Machine Learning Fundamentals,hard,data,0,2,2,False
E0054,Dinara Sadykova,Data Analyst,Senior,Data Analyst,Senior,current_profile,SK_PRODUCT_ANALYTICS,Product Analytics,hard,product,2,3,1,False
E0054,Dinara Sadykova,Data Analyst,Senior,Data Analyst,Senior,current_profile,SK_PUBLIC_SPEAKING,Public Speaking,soft,communication,1,2,1,False
E0054,Dinara Sadykova,Data Analyst,Senior,Data Analyst,Senior,current_profile,SK_MENTORING,Mentoring,soft,leadership,0,2,2,False
E0054,Dinara Sadykova,Data Analyst,Senior,Data Analyst,Senior,current_profile,SK_LEADERSHIP,Leadership,soft,leadership,1,2,1,False
E0055,Yerzhan Dzhakupov,Product Manager,Lead,Data Analyst,Lead,career_goal,SK_SQL,SQL,hard,engineering,2,4,2,False
E0055,Yerzhan Dzhakupov,Product Manager,Lead,Data Analyst,Lead,career_goal,SK_PYTHON,Python,hard,engineering,0,3,3,False
E0055,Yerzhan Dzhakupov,Product Manager,Lead,Data Analyst,Lead,career_goal,SK_STATISTICS,Statistics,hard,data,0,4,4,False
E0055,Yerzhan Dzhakupov,Product Manager,Lead,Data Analyst,Lead,career_goal,SK_AB_TESTING,A/B Testing,hard,data,3,4,1,False
E0055,Yerzhan Dzhakupov,Product Manager,Lead,Data Analyst,Lead,career_goal,SK_DATA_VIZ,Data Visualization,hard,data,0,4,4,False
E0055,Yerzhan Dzhakupov,Product Manager,Lead,Data Analyst,Lead,career_goal,SK_BI_TOOLS,BI Tools,hard,data,0,4,4,False
E0055,Yerzhan Dzhakupov,Product Manager,Lead,Data Analyst,Lead,career_goal,SK_DATA_MODELING,Data Modeling,hard,data,0,4,4,False
E0055,Yerzhan Dzhakupov,Product Manager,Lead,Data Analyst,Lead,career_goal,SK_ML_BASICS,Machine Learning Fundamentals,hard,data,0,3,3,False
E0055,Yerzhan Dzhakupov,Product Manager,Lead,Data Analyst,Lead,career_goal,SK_CRITICAL_THINKING,Critical Thinking,soft,thinking,3,4,1,False
E0055,Yerzhan Dzhakupov,Product Manager,Lead,Data Analyst,Lead,career_goal,SK_MENTORING,Mentoring,soft,leadership,2,4,2,False
E0056,Anna Kozlova,Sales Manager,Middle,Sales Manager,Senior,career_goal,SK_PROSPECTING,Prospecting,hard,sales,2,4,2,False
E0056,Anna Kozlova,Sales Manager,Middle,Sales Manager,Senior,career_goal,SK_CRM,CRM Systems,hard,sales,2,3,1,False
E0056,Anna Kozlova,Sales Manager,Middle,Sales Manager,Senior,career_goal,SK_ACCOUNT_MGMT,Account Management,hard,sales,2,4,2,True
E0056,Anna Kozlova,Sales Manager,Middle,Sales Manager,Senior,career_goal,SK_PRODUCT_KNOWLEDGE,Product Knowledge,hard,sales,3,4,1,False
E0056,Anna Kozlova,Sales Manager,Middle,Sales Manager,Senior,career_goal,SK_PUBLIC_SPEAKING,Public Speaking,soft,communication,1,3,2,False
E0056,Anna Kozlova,Sales Manager,Middle,Sales Manager,Senior,career_goal,SK_STAKEHOLDER_MGMT,Stakeholder Management,soft,communication,2,3,1,False
E0056,Anna Kozlova,Sales Manager,Middle,Sales Manager,Senior,career_goal,SK_ADAPTABILITY,Adaptability,soft,personal_effectiveness,2,3,1,False
E0056,Anna Kozlova,Sales Manager,Middle,Sales Manager,Senior,career_goal,SK_LEADERSHIP,Leadership,soft,leadership,1,2,1,False
E0057,Maxim Volkov,Sales Manager,Senior,Sales Manager,Lead,career_goal,SK_NEGOTIATION,Negotiation,hard,sales,4,5,1,False
E0057,Maxim Volkov,Sales Manager,Senior,Sales Manager,Lead,career_goal,SK_CRM,CRM Systems,hard,sales,3,4,1,False
E0057,Maxim Volkov,Sales Manager,Senior,Sales Manager,Lead,career_goal,SK_PRODUCT_KNOWLEDGE,Product Knowledge,hard,sales,3,4,1,False
E0057,Maxim Volkov,Sales Manager,Senior,Sales Manager,Lead,career_goal,SK_COMMUNICATION,Communication,soft,communication,4,5,1,False
E0057,Maxim Volkov,Sales Manager,Senior,Sales Manager,Lead,career_goal,SK_STAKEHOLDER_MGMT,Stakeholder Management,soft,communication,3,4,1,False
E0057,Maxim Volkov,Sales Manager,Senior,Sales Manager,Lead,career_goal,SK_TIME_MANAGEMENT,Time Management,soft,personal_effectiveness,2,4,2,False
E0057,Maxim Volkov,Sales Manager,Senior,Sales Manager,Lead,career_goal,SK_LEADERSHIP,Leadership,soft,leadership,2,4,2,True
E0057,Maxim Volkov,Sales Manager,Senior,Sales Manager,Lead,career_goal,SK_MENTORING,Mentoring,soft,leadership,2,4,2,True
E0058,Ksenia Pavlova,Backend Engineer,Junior,Backend Engineer,Junior,current_profile,SK_SQL,SQL,hard,engineering,1,2,1,False
E0058,Ksenia Pavlova,Backend Engineer,Junior,Backend Engineer,Junior,current_profile,SK_SYSTEM_DESIGN,System Design,hard,engineering,0,1,1,False
E0058,Ksenia Pavlova,Backend Engineer,Junior,Backend Engineer,Junior,current_profile,SK_CLOUD,Cloud Platforms,hard,engineering,0,1,1,False
E0058,Ksenia Pavlova,Backend Engineer,Junior,Backend Engineer,Junior,current_profile,SK_CICD,CI/CD,hard,engineering,0,1,1,False
E0058,Ksenia Pavlova,Backend Engineer,Junior,Backend Engineer,Junior,current_profile,SK_APP_SECURITY,Application Security,hard,engineering,0,1,1,False
E0058,Ksenia Pavlova,Backend Engineer,Junior,Backend Engineer,Junior,current_profile,SK_TEAMWORK,Teamwork,soft,collaboration,1,2,1,False
E0059,Elena Ivanova,Sales Manager,Middle,Sales Manager,Senior,career_goal,SK_NEGOTIATION,Negotiation,hard,sales,2,4,2,True
E0059,Elena Ivanova,Sales Manager,Middle,Sales Manager,Senior,career_goal,SK_ACCOUNT_MGMT,Account Management,hard,sales,3,4,1,True
E0059,Elena Ivanova,Sales Manager,Middle,Sales Manager,Senior,career_goal,SK_PRODUCT_KNOWLEDGE,Product Knowledge,hard,sales,2,4,2,False
E0059,Elena Ivanova,Sales Manager,Middle,Sales Manager,Senior,career_goal,SK_COMMUNICATION,Communication,soft,communication,2,4,2,False
E0059,Elena Ivanova,Sales Manager,Middle,Sales Manager,Senior,career_goal,SK_PUBLIC_SPEAKING,Public Speaking,soft,communication,2,3,1,False
E0059,Elena Ivanova,Sales Manager,Middle,Sales Manager,Senior,career_goal,SK_STAKEHOLDER_MGMT,Stakeholder Management,soft,communication,0,3,3,False
E0059,Elena Ivanova,Sales Manager,Middle,Sales Manager,Senior,career_goal,SK_ADAPTABILITY,Adaptability,soft,personal_effectiveness,2,3,1,False
E0059,Elena Ivanova,Sales Manager,Middle,Sales Manager,Senior,career_goal,SK_MENTORING,Mentoring,soft,leadership,1,2,1,False
E0060,Olga Petrova,Product Manager,Lead,Product Manager,Lead,current_profile,SK_REQUIREMENTS,Requirements Writing,hard,product,3,4,1,False
E0060,Olga Petrova,Product Manager,Lead,Product Manager,Lead,current_profile,SK_AGILE,Agile Practices,hard,product,3,4,1,False
E0060,Olga Petrova,Product Manager,Lead,Product Manager,Lead,current_profile,SK_PROJECT_MGMT,Project Management,hard,product,3,4,1,False
E0060,Olga Petrova,Product Manager,Lead,Product Manager,Lead,current_profile,SK_STAKEHOLDER_MGMT,Stakeholder Management,soft,communication,4,5,1,False
E0060,Olga Petrova,Product Manager,Lead,Product Manager,Lead,current_profile,SK_CRITICAL_THINKING,Critical Thinking,soft,thinking,3,4,1,False
E0060,Olga Petrova,Product Manager,Lead,Product Manager,Lead,current_profile,SK_LEADERSHIP,Leadership,soft,leadership,3,4,1,True
E0061,Alibek Kaliyev,Data Analyst,Lead,Data Analyst,Lead,current_profile,SK_PYTHON,Python,hard,engineering,2,3,1,False
E0061,Alibek Kaliyev,Data Analyst,Lead,Data Analyst,Lead,current_profile,SK_BI_TOOLS,BI Tools,hard,data,3,4,1,False
E0061,Alibek Kaliyev,Data Analyst,Lead,Data Analyst,Lead,current_profile,SK_DATA_MODELING,Data Modeling,hard,data,2,4,2,False
E0061,Alibek Kaliyev,Data Analyst,Lead,Data Analyst,Lead,current_profile,SK_ML_BASICS,Machine Learning Fundamentals,hard,data,2,3,1,False
E0061,Alibek Kaliyev,Data Analyst,Lead,Data Analyst,Lead,current_profile,SK_PRODUCT_ANALYTICS,Product Analytics,hard,product,1,3,2,False
E0061,Alibek Kaliyev,Data Analyst,Lead,Data Analyst,Lead,current_profile,SK_COMMUNICATION,Communication,soft,communication,3,4,1,False
E0061,Alibek Kaliyev,Data Analyst,Lead,Data Analyst,Lead,current_profile,SK_CRITICAL_THINKING,Critical Thinking,soft,thinking,3,4,1,False
E0062,Dinara Dzhakupova,Sales Manager,Middle,Sales Manager,Middle,current_profile,SK_CRM,CRM Systems,hard,sales,2,3,1,False
E0062,Dinara Dzhakupova,Sales Manager,Middle,Sales Manager,Middle,current_profile,SK_COMMUNICATION,Communication,soft,communication,2,3,1,False
E0062,Dinara Dzhakupova,Sales Manager,Middle,Sales Manager,Middle,current_profile,SK_EMOTIONAL_INTELLIGENCE,Emotional Intelligence,soft,collaboration,2,3,1,False
E0063,Samat Baimukhanov,QA Engineer,Lead,QA Engineer,Lead,current_profile,SK_TEST_DESIGN,Test Design,hard,quality,3,4,1,False
E0063,Samat Baimukhanov,QA Engineer,Lead,QA Engineer,Lead,current_profile,SK_API_TESTING,API Testing,hard,quality,3,4,1,False
E0063,Samat Baimukhanov,QA Engineer,Lead,QA Engineer,Lead,current_profile,SK_SQL,SQL,hard,engineering,2,3,1,False
E0063,Samat Baimukhanov,QA Engineer,Lead,QA Engineer,Lead,current_profile,SK_COMMUNICATION,Communication,soft,communication,3,4,1,False
E0063,Samat Baimukhanov,QA Engineer,Lead,QA Engineer,Lead,current_profile,SK_TEAMWORK,Teamwork,soft,collaboration,3,4,1,False
E0063,Samat Baimukhanov,QA Engineer,Lead,QA Engineer,Lead,current_profile,SK_CRITICAL_THINKING,Critical Thinking,soft,thinking,3,4,1,False
E0063,Samat Baimukhanov,QA Engineer,Lead,QA Engineer,Lead,current_profile,SK_LEADERSHIP,Leadership,soft,leadership,2,4,2,True
E0064,Natalia Kuznetsova,Backend Engineer,Senior,Data Analyst,Senior,career_goal,SK_STATISTICS,Statistics,hard,data,0,4,4,True
E0064,Natalia Kuznetsova,Backend Engineer,Senior,Data Analyst,Senior,career_goal,SK_AB_TESTING,A/B Testing,hard,data,0,4,4,True
E0064,Natalia Kuznetsova,Backend Engineer,Senior,Data Analyst,Senior,career_goal,SK_DATA_VIZ,Data Visualization,hard,data,0,4,4,False
E0064,Natalia Kuznetsova,Backend Engineer,Senior,Data Analyst,Senior,career_goal,SK_BI_TOOLS,BI Tools,hard,data,0,3,3,False
E0064,Natalia Kuznetsova,Backend Engineer,Senior,Data Analyst,Senior,career_goal,SK_DATA_MODELING,Data Modeling,hard,data,0,3,3,False
E0064,Natalia Kuznetsova,Backend Engineer,Senior,Data Analyst,Senior,career_goal,SK_ML_BASICS,Machine Learning Fundamentals,hard,data,0,2,2,False
E0064,Natalia Kuznetsova,Backend Engineer,Senior,Data Analyst,Senior,career_goal,SK_PRODUCT_ANALYTICS,Product Analytics,hard,product,0,3,3,False
E0064,Natalia Kuznetsova,Backend Engineer,Senior,Data Analyst,Senior,career_goal,SK_CRITICAL_THINKING,Critical Thinking,soft,thinking,2,4,2,False
E0064,Natalia Kuznetsova,Backend Engineer,Senior,Data Analyst,Senior,career_goal,SK_STAKEHOLDER_MGMT,Stakeholder Management,soft,communication,1,3,2,False
E0065,Madi Kassymov,QA Engineer,Middle,QA Engineer,Senior,career_goal,SK_TEST_AUTOMATION,Test Automation,hard,quality,2,4,2,True
E0065,Madi Kassymov,QA Engineer,Middle,QA Engineer,Senior,career_goal,SK_LOAD_TESTING,Load Testing,hard,quality,0,3,3,True
E0065,Madi Kassymov,QA Engineer,Middle,QA Engineer,Senior,career_goal,SK_JAVA,Java,hard,engineering,2,3,1,False
E0065,Madi Kassymov,QA Engineer,Middle,QA Engineer,Senior,career_goal,SK_SQL,SQL,hard,engineering,1,3,2,False
E0065,Madi Kassymov,QA Engineer,Middle,QA Engineer,Senior,career_goal,SK_CICD,CI/CD,hard,engineering,2,3,1,False
E0065,Madi Kassymov,QA Engineer,Middle,QA Engineer,Senior,career_goal,SK_COMMUNICATION,Communication,soft,communication,1,3,2,False
E0065,Madi Kassymov,QA Engineer,Middle,QA Engineer,Senior,career_goal,SK_CRITICAL_THINKING,Critical Thinking,soft,thinking,2,4,2,False
E0065,Madi Kassymov,QA Engineer,Middle,QA Engineer,Senior,career_goal,SK_WRITTEN_COMMUNICATION,Written Communication,soft,communication,2,3,1,False
E0065,Madi Kassymov,QA Engineer,Middle,QA Engineer,Senior,career_goal,SK_MENTORING,Mentoring,soft,leadership,1,3,2,False
E0065,Madi Kassymov,QA Engineer,Middle,QA Engineer,Senior,career_goal,SK_LEADERSHIP,Leadership,soft,leadership,1,2,1,False
E0066,Madina Utepova,QA Engineer,Middle,QA Engineer,Senior,career_goal,SK_TEST_DESIGN,Test Design,hard,quality,2,4,2,False
E0066,Madina Utepova,QA Engineer,Middle,QA Engineer,Senior,career_goal,SK_TEST_AUTOMATION,Test Automation,hard,quality,2,4,2,True
E0066,Madina Utepova,QA Engineer,Middle,QA Engineer,Senior,career_goal,SK_API_TESTING,API Testing,hard,quality,3,4,1,False
E0066,Madina Utepova,QA Engineer,Middle,QA Engineer,Senior,career_goal,SK_LOAD_TESTING,Load Testing,hard,quality,1,3,2,True
E0066,Madina Utepova,QA Engineer,Middle,QA Engineer,Senior,career_goal,SK_JAVA,Java,hard,engineering,1,3,2,False
E0066,Madina Utepova,QA Engineer,Middle,QA Engineer,Senior,career_goal,SK_SQL,SQL,hard,engineering,1,3,2,False
E0066,Madina Utepova,QA Engineer,Middle,QA Engineer,Senior,career_goal,SK_CICD,CI/CD,hard,engineering,0,3,3,False
E0066,Madina Utepova,QA Engineer,Middle,QA Engineer,Senior,career_goal,SK_CRITICAL_THINKING,Critical Thinking,soft,thinking,3,4,1,False
E0066,Madina Utepova,QA Engineer,Middle,QA Engineer,Senior,career_goal,SK_WRITTEN_COMMUNICATION,Written Communication,soft,communication,2,3,1,False
E0066,Madina Utepova,QA Engineer,Middle,QA Engineer,Senior,career_goal,SK_MENTORING,Mentoring,soft,leadership,0,3,3,False
E0066,Madina Utepova,QA Engineer,Middle,QA Engineer,Senior,career_goal,SK_LEADERSHIP,Leadership,soft,leadership,1,2,1,False
E0067,Yerlan Nurlanov,Frontend Engineer,Middle,Frontend Engineer,Senior,career_goal,SK_JAVASCRIPT,JavaScript,hard,frontend,3,4,1,False
E0067,Yerlan Nurlanov,Frontend Engineer,Middle,Frontend Engineer,Senior,career_goal,SK_TYPESCRIPT,TypeScript,hard,frontend,3,4,1,True
E0067,Yerlan Nurlanov,Frontend Engineer,Middle,Frontend Engineer,Senior,career_goal,SK_REACT,React,hard,frontend,2,4,2,False
E0067,Yerlan Nurlanov,Frontend Engineer,Middle,Frontend Engineer,Senior,career_goal,SK_HTML_CSS,HTML & CSS,hard,frontend,2,4,2,False
E0067,Yerlan Nurlanov,Frontend Engineer,Middle,Frontend Engineer,Senior,career_goal,SK_WEB_PERFORMANCE,Web Performance,hard,frontend,2,4,2,True
E0067,Yerlan Nurlanov,Frontend Engineer,Middle,Frontend Engineer,Senior,career_goal,SK_ACCESSIBILITY,Web Accessibility,hard,frontend,2,3,1,False
E0067,Yerlan Nurlanov,Frontend Engineer,Middle,Frontend Engineer,Senior,career_goal,SK_API_DESIGN,API Design,hard,engineering,1,2,1,False
E0067,Yerlan Nurlanov,Frontend Engineer,Middle,Frontend Engineer,Senior,career_goal,SK_CICD,CI/CD,hard,engineering,0,2,2,False
E0067,Yerlan Nurlanov,Frontend Engineer,Middle,Frontend Engineer,Senior,career_goal,SK_TEAMWORK,Teamwork,soft,collaboration,1,3,2,False
E0067,Yerlan Nurlanov,Frontend Engineer,Middle,Frontend Engineer,Senior,career_goal,SK_PROBLEM_SOLVING,Problem Solving,soft,thinking,2,4,2,False
E0067,Yerlan Nurlanov,Frontend Engineer,Middle,Frontend Engineer,Senior,career_goal,SK_MENTORING,Mentoring,soft,leadership,0,3,3,False
E0067,Yerlan Nurlanov,Frontend Engineer,Middle,Frontend Engineer,Senior,career_goal,SK_LEADERSHIP,Leadership,soft,leadership,0,2,2,False
E0067,Yerlan Nurlanov,Frontend Engineer,Middle,Frontend Engineer,Senior,career_goal,SK_STAKEHOLDER_MGMT,Stakeholder Management,soft,communication,0,2,2,False
E0068,Gulnara Seitkali,Frontend Engineer,Middle,Frontend Engineer,Middle,current_profile,SK_TYPESCRIPT,TypeScript,hard,frontend,2,3,1,True
E0068,Gulnara Seitkali,Frontend Engineer,Middle,Frontend Engineer,Middle,current_profile,SK_HTML_CSS,HTML & CSS,hard,frontend,2,3,1,False
E0068,Gulnara Seitkali,Frontend Engineer,Middle,Frontend Engineer,Middle,current_profile,SK_COMMUNICATION,Communication,soft,communication,2,3,1,False
E0068,Gulnara Seitkali,Frontend Engineer,Middle,Frontend Engineer,Middle,current_profile,SK_MENTORING,Mentoring,soft,leadership,0,1,1,False
E0068,Gulnara Seitkali,Frontend Engineer,Middle,Frontend Engineer,Middle,current_profile,SK_STAKEHOLDER_MGMT,Stakeholder Management,soft,communication,0,1,1,False
E0069,Zhanna Bekova,Backend Engineer,Middle,Backend Engineer,Senior,career_goal,SK_API_DESIGN,API Design,hard,engineering,3,4,1,True
E0069,Zhanna Bekova,Backend Engineer,Middle,Backend Engineer,Senior,career_goal,SK_SYSTEM_DESIGN,System Design,hard,engineering,1,4,3,True
E0069,Zhanna Bekova,Backend Engineer,Middle,Backend Engineer,Senior,career_goal,SK_CICD,CI/CD,hard,engineering,1,3,2,False
E0069,Zhanna Bekova,Backend Engineer,Middle,Backend Engineer,Senior,career_goal,SK_TEAMWORK,Teamwork,soft,collaboration,2,3,1,False
E0069,Zhanna Bekova,Backend Engineer,Middle,Backend Engineer,Senior,career_goal,SK_PROBLEM_SOLVING,Problem Solving,soft,thinking,3,4,1,False
E0069,Zhanna Bekova,Backend Engineer,Middle,Backend Engineer,Senior,career_goal,SK_MENTORING,Mentoring,soft,leadership,0,3,3,False
E0069,Zhanna Bekova,Backend Engineer,Middle,Backend Engineer,Senior,career_goal,SK_LEADERSHIP,Leadership,soft,leadership,0,2,2,False
E0069,Zhanna Bekova,Backend Engineer,Middle,Backend Engineer,Senior,career_goal,SK_STAKEHOLDER_MGMT,Stakeholder Management,soft,communication,0,2,2,False
E0070,Daniyar Omarov,Customer Support Specialist,Senior,Customer Support Specialist,Lead,career_goal,SK_TROUBLESHOOTING,Technical Troubleshooting,hard,support,3,4,1,False
E0070,Daniyar Omarov,Customer Support Specialist,Senior,Customer Support Specialist,Lead,career_goal,SK_PRODUCT_KNOWLEDGE,Product Knowledge,hard,sales,3,4,1,False
E0070,Daniyar Omarov,Customer Support Specialist,Senior,Customer Support Specialist,Lead,career_goal,SK_WRITTEN_COMMUNICATION,Written Communication,soft,communication,2,4,2,False
E0070,Daniyar Omarov,Customer Support Specialist,Senior,Customer Support Specialist,Lead,career_goal,SK_CONFLICT_RESOLUTION,Conflict Resolution,soft,leadership,2,4,2,False
E0070,Daniyar Omarov,Customer Support Specialist,Senior,Customer Support Specialist,Lead,career_goal,SK_TIME_MANAGEMENT,Time Management,soft,personal_effectiveness,2,4,2,False
E0070,Daniyar Omarov,Customer Support Specialist,Senior,Customer Support Specialist,Lead,career_goal,SK_PROBLEM_SOLVING,Problem Solving,soft,thinking,2,4,2,False
E0070,Daniyar Omarov,Customer Support Specialist,Senior,Customer Support Specialist,Lead,career_goal,SK_MENTORING,Mentoring,soft,leadership,3,4,1,False
E0070,Daniyar Omarov,Customer Support Specialist,Senior,Customer Support Specialist,Lead,career_goal,SK_LEADERSHIP,Leadership,soft,leadership,1,4,3,True
E0070,Daniyar Omarov,Customer Support Specialist,Senior,Customer Support Specialist,Lead,career_goal,SK_FEEDBACK,Feedback,soft,leadership,0,3,3,True
E0071,Nurlan Kaliyev,Product Manager,Middle,Product Manager,Middle,current_profile,SK_REQUIREMENTS,Requirements Writing,hard,product,1,3,2,False
E0071,Nurlan Kaliyev,Product Manager,Middle,Product Manager,Middle,current_profile,SK_PROJECT_MGMT,Project Management,hard,product,1,2,1,False
E0071,Nurlan Kaliyev,Product Manager,Middle,Product Manager,Middle,current_profile,SK_AB_TESTING,A/B Testing,hard,data,0,1,1,False
E0071,Nurlan Kaliyev,Product Manager,Middle,Product Manager,Middle,current_profile,SK_COMMUNICATION,Communication,soft,communication,2,3,1,False
E0071,Nurlan Kaliyev,Product Manager,Middle,Product Manager,Middle,current_profile,SK_PUBLIC_SPEAKING,Public Speaking,soft,communication,1,2,1,False
E0071,Nurlan Kaliyev,Product Manager,Middle,Product Manager,Middle,current_profile,SK_CRITICAL_THINKING,Critical Thinking,soft,thinking,2,3,1,False
E0072,Botagoz Abenova,QA Engineer,Middle,QA Engineer,Middle,current_profile,SK_TEST_AUTOMATION,Test Automation,hard,quality,1,2,1,False
E0072,Botagoz Abenova,QA Engineer,Middle,QA Engineer,Middle,current_profile,SK_JAVA,Java,hard,engineering,0,2,2,False
E0072,Botagoz Abenova,QA Engineer,Middle,QA Engineer,Middle,current_profile,SK_CRITICAL_THINKING,Critical Thinking,soft,thinking,2,3,1,False
E0072,Botagoz Abenova,QA Engineer,Middle,QA Engineer,Middle,current_profile,SK_WRITTEN_COMMUNICATION,Written Communication,soft,communication,1,2,1,False
E0073,Maxim Pavlov,Data Analyst,Senior,Data Analyst,Lead,career_goal,SK_SQL,SQL,hard,engineering,3,4,1,False
E0073,Maxim Pavlov,Data Analyst,Senior,Data Analyst,Lead,career_goal,SK_STATISTICS,Statistics,hard,data,3,4,1,False
E0073,Maxim Pavlov,Data Analyst,Senior,Data Analyst,Lead,career_goal,SK_AB_TESTING,A/B Testing,hard,data,3,4,1,False
E0073,Maxim Pavlov,Data Analyst,Senior,Data Analyst,Lead,career_goal,SK_BI_TOOLS,BI Tools,hard,data,3,4,1,False
E0073,Maxim Pavlov,Data Analyst,Senior,Data Analyst,Lead,career_goal,SK_DATA_MODELING,Data Modeling,hard,data,2,4,2,False
E0073,Maxim Pavlov,Data Analyst,Senior,Data Analyst,Lead,career_goal,SK_ML_BASICS,Machine Learning Fundamentals,hard,data,2,3,1,False
E0073,Maxim Pavlov,Data Analyst,Senior,Data Analyst,Lead,career_goal,SK_PRODUCT_ANALYTICS,Product Analytics,hard,product,2,3,1,False
E0073,Maxim Pavlov,Data Analyst,Senior,Data Analyst,Lead,career_goal,SK_COMMUNICATION,Communication,soft,communication,3,4,1,False
E0073,Maxim Pavlov,Data Analyst,Senior,Data Analyst,Lead,career_goal,SK_STAKEHOLDER_MGMT,Stakeholder Management,soft,communication,3,4,1,True
E0073,Maxim Pavlov,Data Analyst,Senior,Data Analyst,Lead,career_goal,SK_MENTORING,Mentoring,soft,leadership,2,4,2,False
E0073,Maxim Pavlov,Data Analyst,Senior,Data Analyst,Lead,career_goal,SK_LEADERSHIP,Leadership,soft,leadership,3,4,1,True
E0074,Ksenia Lebedeva,Product Manager,Middle,Product Manager,Senior,career_goal,SK_PRODUCT_DISCOVERY,Product Discovery,hard,product,2,4,2,False
E0074,Ksenia Lebedeva,Product Manager,Middle,Product Manager,Senior,career_goal,SK_ROADMAPPING,Roadmapping & Prioritization,hard,product,1,4,3,True
E0074,Ksenia Lebedeva,Product Manager,Middle,Product Manager,Senior,career_goal,SK_PRODUCT_ANALYTICS,Product Analytics,hard,product,2,4,2,False
E0074,Ksenia Lebedeva,Product Manager,Middle,Product Manager,Senior,career_goal,SK_UX_RESEARCH,UX Research,hard,product,1,3,2,False
E0074,Ksenia Lebedeva,Product Manager,Middle,Product Manager,Senior,career_goal,SK_REQUIREMENTS,Requirements Writing,hard,product,3,4,1,False
E0074,Ksenia Lebedeva,Product Manager,Middle,Product Manager,Senior,career_goal,SK_AGILE,Agile Practices,hard,product,2,3,1,False
E0074,Ksenia Lebedeva,Product Manager,Middle,Product Manager,Senior,career_goal,SK_PROJECT_MGMT,Project Management,hard,product,1,3,2,False
E0074,Ksenia Lebedeva,Product Manager,Middle,Product Manager,Senior,career_goal,SK_AB_TESTING,A/B Testing,hard,data,0,3,3,False
E0074,Ksenia Lebedeva,Product Manager,Middle,Product Manager,Senior,career_goal,SK_COMMUNICATION,Communication,soft,communication,2,4,2,False
E0074,Ksenia Lebedeva,Product Manager,Middle,Product Manager,Senior,career_goal,SK_STAKEHOLDER_MGMT,Stakeholder Management,soft,communication,2,4,2,True
E0074,Ksenia Lebedeva,Product Manager,Middle,Product Manager,Senior,career_goal,SK_LEADERSHIP,Leadership,soft,leadership,1,3,2,False
E0074,Ksenia Lebedeva,Product Manager,Middle,Product Manager,Senior,career_goal,SK_MENTORING,Mentoring,soft,leadership,0,2,2,False
E0075,Yulia Volkova,Frontend Engineer,Senior,Frontend Engineer,Senior,current_profile,SK_JAVASCRIPT,JavaScript,hard,frontend,2,4,2,False
E0075,Yulia Volkova,Frontend Engineer,Senior,Frontend Engineer,Senior,current_profile,SK_REACT,React,hard,frontend,2,4,2,False
E0075,Yulia Volkova,Frontend Engineer,Senior,Frontend Engineer,Senior,current_profile,SK_HTML_CSS,HTML & CSS,hard,frontend,2,4,2,False
E0075,Yulia Volkova,Frontend Engineer,Senior,Frontend Engineer,Senior,current_profile,SK_ACCESSIBILITY,Web Accessibility,hard,frontend,2,3,1,False
E0075,Yulia Volkova,Frontend Engineer,Senior,Frontend Engineer,Senior,current_profile,SK_PROBLEM_SOLVING,Problem Solving,soft,thinking,2,4,2,False
E0075,Yulia Volkova,Frontend Engineer,Senior,Frontend Engineer,Senior,current_profile,SK_LEADERSHIP,Leadership,soft,leadership,1,2,1,False
E0075,Yulia Volkova,Frontend Engineer,Senior,Frontend Engineer,Senior,current_profile,SK_PUBLIC_SPEAKING,Public Speaking,soft,communication,1,2,1,False
E0076,Andrey Sokolov,QA Engineer,Junior,QA Engineer,Middle,career_goal,SK_TEST_DESIGN,Test Design,hard,quality,2,3,1,False
E0076,Andrey Sokolov,QA Engineer,Junior,QA Engineer,Middle,career_goal,SK_API_TESTING,API Testing,hard,quality,1,3,2,True
E0076,Andrey Sokolov,QA Engineer,Junior,QA Engineer,Middle,career_goal,SK_SQL,SQL,hard,engineering,1,2,1,False
E0076,Andrey Sokolov,QA Engineer,Junior,QA Engineer,Middle,career_goal,SK_COMMUNICATION,Communication,soft,communication,2,3,1,False
E0076,Andrey Sokolov,QA Engineer,Junior,QA Engineer,Middle,career_goal,SK_TEAMWORK,Teamwork,soft,collaboration,1,3,2,False
E0076,Andrey Sokolov,QA Engineer,Junior,QA Engineer,Middle,career_goal,SK_CRITICAL_THINKING,Critical Thinking,soft,thinking,2,3,1,False
E0076,Andrey Sokolov,QA Engineer,Junior,QA Engineer,Middle,career_goal,SK_MENTORING,Mentoring,soft,leadership,0,1,1,False
E0077,Aizhan Ismailova,HR Business Partner,Junior,HR Business Partner,Middle,career_goal,SK_TALENT_ACQUISITION,Talent Acquisition,hard,hr,1,3,2,False
E0077,Aizhan Ismailova,HR Business Partner,Junior,HR Business Partner,Middle,career_goal,SK_EMPLOYEE_RELATIONS,Employee Relations,hard,hr,0,3,3,True
E0077,Aizhan Ismailova,HR Business Partner,Junior,HR Business Partner,Middle,career_goal,SK_LABOR_LAW,Labor Law,hard,hr,1,3,2,True
E0077,Aizhan Ismailova,HR Business Partner,Junior,HR Business Partner,Middle,career_goal,SK_EMOTIONAL_INTELLIGENCE,Emotional Intelligence,soft,collaboration,1,3,2,False
E0077,Aizhan Ismailova,HR Business Partner,Junior,HR Business Partner,Middle,career_goal,SK_FEEDBACK,Feedback,soft,leadership,0,2,2,False
E0077,Aizhan Ismailova,HR Business Partner,Junior,HR Business Partner,Middle,career_goal,SK_STAKEHOLDER_MGMT,Stakeholder Management,soft,communication,0,2,2,False
E0078,Roman Pavlov,Customer Support Specialist,Junior,Customer Support Specialist,Middle,career_goal,SK_TROUBLESHOOTING,Technical Troubleshooting,hard,support,0,2,2,True
E0078,Roman Pavlov,Customer Support Specialist,Junior,Customer Support Specialist,Middle,career_goal,SK_PRODUCT_KNOWLEDGE,Product Knowledge,hard,sales,1,3,2,False
E0078,Roman Pavlov,Customer Support Specialist,Junior,Customer Support Specialist,Middle,career_goal,SK_CRM,CRM Systems,hard,sales,1,2,1,False
E0078,Roman Pavlov,Customer Support Specialist,Junior,Customer Support Specialist,Middle,career_goal,SK_WRITTEN_COMMUNICATION,Written Communication,soft,communication,2,3,1,False
E0078,Roman Pavlov,Customer Support Specialist,Junior,Customer Support Specialist,Middle,career_goal,SK_COMMUNICATION,Communication,soft,communication,1,3,2,False
E0078,Roman Pavlov,Customer Support Specialist,Junior,Customer Support Specialist,Middle,career_goal,SK_CONFLICT_RESOLUTION,Conflict Resolution,soft,leadership,1,2,1,True
E0078,Roman Pavlov,Customer Support Specialist,Junior,Customer Support Specialist,Middle,career_goal,SK_EMOTIONAL_INTELLIGENCE,Emotional Intelligence,soft,collaboration,2,3,1,False
E0078,Roman Pavlov,Customer Support Specialist,Junior,Customer Support Specialist,Middle,career_goal,SK_ADAPTABILITY,Adaptability,soft,personal_effectiveness,0,2,2,False
E0078,Roman Pavlov,Customer Support Specialist,Junior,Customer Support Specialist,Middle,career_goal,SK_MENTORING,Mentoring,soft,leadership,0,1,1,False
E0078,Roman Pavlov,Customer Support Specialist,Junior,Customer Support Specialist,Middle,career_goal,SK_FEEDBACK,Feedback,soft,leadership,0,1,1,False
E0079,Indira Baimukhanova,Sales Manager,Junior,Sales Manager,Junior,current_profile,SK_PROSPECTING,Prospecting,hard,sales,1,2,1,False
E0079,Indira Baimukhanova,Sales Manager,Junior,Sales Manager,Junior,current_profile,SK_TIME_MANAGEMENT,Time Management,soft,personal_effectiveness,1,2,1,False
E0080,Natalia Petrova,Data Analyst,Senior,Data Analyst,Lead,career_goal,SK_SQL,SQL,hard,engineering,2,4,2,False
E0080,Natalia Petrova,Data Analyst,Senior,Data Analyst,Lead,career_goal,SK_STATISTICS,Statistics,hard,data,3,4,1,False
E0080,Natalia Petrova,Data Analyst,Senior,Data Analyst,Lead,career_goal,SK_AB_TESTING,A/B Testing,hard,data,3,4,1,False
E0080,Natalia Petrova,Data Analyst,Senior,Data Analyst,Lead,career_goal,SK_BI_TOOLS,BI Tools,hard,data,3,4,1,False
E0080,Natalia Petrova,Data Analyst,Senior,Data Analyst,Lead,career_goal,SK_ML_BASICS,Machine Learning Fundamentals,hard,data,2,3,1,False
E0080,Natalia Petrova,Data Analyst,Senior,Data Analyst,Lead,career_goal,SK_COMMUNICATION,Communication,soft,communication,2,4,2,False
E0080,Natalia Petrova,Data Analyst,Senior,Data Analyst,Lead,career_goal,SK_CRITICAL_THINKING,Critical Thinking,soft,thinking,2,4,2,False
E0080,Natalia Petrova,Data Analyst,Senior,Data Analyst,Lead,career_goal,SK_STAKEHOLDER_MGMT,Stakeholder Management,soft,communication,2,4,2,True
E0080,Natalia Petrova,Data Analyst,Senior,Data Analyst,Lead,career_goal,SK_PUBLIC_SPEAKING,Public Speaking,soft,communication,2,3,1,False
E0080,Natalia Petrova,Data Analyst,Senior,Data Analyst,Lead,career_goal,SK_MENTORING,Mentoring,soft,leadership,1,4,3,False
E0080,Natalia Petrova,Data Analyst,Senior,Data Analyst,Lead,career_goal,SK_LEADERSHIP,Leadership,soft,leadership,2,4,2,True
E0081,Nurlan Zhaksylykov,Customer Support Specialist,Middle,Customer Support Specialist,Senior,career_goal,SK_CUSTOMER_SERVICE,Customer Service,hard,support,1,4,3,False
E0081,Nurlan Zhaksylykov,Customer Support Specialist,Middle,Customer Support Specialist,Senior,career_goal,SK_TROUBLESHOOTING,Technical Troubleshooting,hard,support,1,3,2,True
E0081,Nurlan Zhaksylykov,Customer Support Specialist,Middle,Customer Support Specialist,Senior,career_goal,SK_CRM,CRM Systems,hard,sales,2,3,1,False
E0081,Nurlan Zhaksylykov,Customer Support Specialist,Middle,Customer Support Specialist,Senior,career_goal,SK_COMMUNICATION,Communication,soft,communication,3,4,1,False
E0081,Nurlan Zhaksylykov,Customer Support Specialist,Middle,Customer Support Specialist,Senior,career_goal,SK_CONFLICT_RESOLUTION,Conflict Resolution,soft,leadership,1,3,2,False
E0081,Nurlan Zhaksylykov,Customer Support Specialist,Middle,Customer Support Specialist,Senior,career_goal,SK_EMOTIONAL_INTELLIGENCE,Emotional Intelligence,soft,collaboration,2,3,1,False
E0081,Nurlan Zhaksylykov,Customer Support Specialist,Middle,Customer Support Specialist,Senior,career_goal,SK_MENTORING,Mentoring,soft,leadership,0,2,2,True
E0081,Nurlan Zhaksylykov,Customer Support Specialist,Middle,Customer Support Specialist,Senior,career_goal,SK_FEEDBACK,Feedback,soft,leadership,1,2,1,False
E0082,Roman Popov,Frontend Engineer,Middle,Frontend Engineer,Senior,career_goal,SK_TYPESCRIPT,TypeScript,hard,frontend,2,4,2,True
E0082,Roman Popov,Frontend Engineer,Middle,Frontend Engineer,Senior,career_goal,SK_REACT,React,hard,frontend,3,4,1,False
E0082,Roman Popov,Frontend Engineer,Middle,Frontend Engineer,Senior,career_goal,SK_HTML_CSS,HTML & CSS,hard,frontend,2,4,2,False
E0082,Roman Popov,Frontend Engineer,Middle,Frontend Engineer,Senior,career_goal,SK_WEB_PERFORMANCE,Web Performance,hard,frontend,1,4,3,True
E0082,Roman Popov,Frontend Engineer,Middle,Frontend Engineer,Senior,career_goal,SK_ACCESSIBILITY,Web Accessibility,hard,frontend,2,3,1,False
E0082,Roman Popov,Frontend Engineer,Middle,Frontend Engineer,Senior,career_goal,SK_API_DESIGN,API Design,hard,engineering,0,2,2,False
E0082,Roman Popov,Frontend Engineer,Middle,Frontend Engineer,Senior,career_goal,SK_CICD,CI/CD,hard,engineering,1,2,1,False
E0082,Roman Popov,Frontend Engineer,Middle,Frontend Engineer,Senior,career_goal,SK_TEAMWORK,Teamwork,soft,collaboration,2,3,1,False
E0082,Roman Popov,Frontend Engineer,Middle,Frontend Engineer,Senior,career_goal,SK_MENTORING,Mentoring,soft,leadership,2,3,1,False
E0082,Roman Popov,Frontend Engineer,Middle,Frontend Engineer,Senior,career_goal,SK_LEADERSHIP,Leadership,soft,leadership,1,2,1,False
E0082,Roman Popov,Frontend Engineer,Middle,Frontend Engineer,Senior,career_goal,SK_STAKEHOLDER_MGMT,Stakeholder Management,soft,communication,1,2,1,False
E0082,Roman Popov,Frontend Engineer,Middle,Frontend Engineer,Senior,career_goal,SK_PUBLIC_SPEAKING,Public Speaking,soft,communication,1,2,1,False
E0083,Kirill Smirnov,Customer Support Specialist,Senior,Customer Support Specialist,Senior,current_profile,SK_CRM,CRM Systems,hard,sales,2,3,1,False
E0083,Kirill Smirnov,Customer Support Specialist,Senior,Customer Support Specialist,Senior,current_profile,SK_EMOTIONAL_INTELLIGENCE,Emotional Intelligence,soft,collaboration,2,3,1,False
E0083,Kirill Smirnov,Customer Support Specialist,Senior,Customer Support Specialist,Senior,current_profile,SK_TIME_MANAGEMENT,Time Management,soft,personal_effectiveness,2,3,1,False
E0083,Kirill Smirnov,Customer Support Specialist,Senior,Customer Support Specialist,Senior,current_profile,SK_MENTORING,Mentoring,soft,leadership,1,2,1,True
E0084,Arman Nurlanov,HR Business Partner,Junior,HR Business Partner,Middle,career_goal,SK_TALENT_ACQUISITION,Talent Acquisition,hard,hr,2,3,1,False
E0084,Arman Nurlanov,HR Business Partner,Junior,HR Business Partner,Middle,career_goal,SK_EMPLOYEE_RELATIONS,Employee Relations,hard,hr,1,3,2,True
E0084,Arman Nurlanov,HR Business Partner,Junior,HR Business Partner,Middle,career_goal,SK_LABOR_LAW,Labor Law,hard,hr,2,3,1,True
E0084,Arman Nurlanov,HR Business Partner,Junior,HR Business Partner,Middle,career_goal,SK_EMOTIONAL_INTELLIGENCE,Emotional Intelligence,soft,collaboration,1,3,2,False
E0084,Arman Nurlanov,HR Business Partner,Junior,HR Business Partner,Middle,career_goal,SK_CONFLICT_RESOLUTION,Conflict Resolution,soft,leadership,1,2,1,False
E0084,Arman Nurlanov,HR Business Partner,Junior,HR Business Partner,Middle,career_goal,SK_FEEDBACK,Feedback,soft,leadership,0,2,2,False
E0084,Arman Nurlanov,HR Business Partner,Junior,HR Business Partner,Middle,career_goal,SK_STAKEHOLDER_MGMT,Stakeholder Management,soft,communication,1,2,1,False
E0084,Arman Nurlanov,HR Business Partner,Junior,HR Business Partner,Middle,career_goal,SK_PUBLIC_SPEAKING,Public Speaking,soft,communication,0,2,2,False
E0085,Zarina Tulegenova,Data Analyst,Lead,Data Analyst,Lead,current_profile,SK_SQL,SQL,hard,engineering,3,4,1,False
E0085,Zarina Tulegenova,Data Analyst,Lead,Data Analyst,Lead,current_profile,SK_AB_TESTING,A/B Testing,hard,data,2,4,2,False
E0085,Zarina Tulegenova,Data Analyst,Lead,Data Analyst,Lead,current_profile,SK_DATA_MODELING,Data Modeling,hard,data,3,4,1,False
E0085,Zarina Tulegenova,Data Analyst,Lead,Data Analyst,Lead,current_profile,SK_PRODUCT_ANALYTICS,Product Analytics,hard,product,2,3,1,False
E0085,Zarina Tulegenova,Data Analyst,Lead,Data Analyst,Lead,current_profile,SK_STAKEHOLDER_MGMT,Stakeholder Management,soft,communication,2,4,2,True
E0085,Zarina Tulegenova,Data Analyst,Lead,Data Analyst,Lead,current_profile,SK_PUBLIC_SPEAKING,Public Speaking,soft,communication,2,3,1,False
E0086,Maxim Sokolov,Customer Support Specialist,Junior,Customer Support Specialist,Middle,career_goal,SK_CUSTOMER_SERVICE,Customer Service,hard,support,2,3,1,False
E0086,Maxim Sokolov,Customer Support Specialist,Junior,Customer Support Specialist,Middle,career_goal,SK_TROUBLESHOOTING,Technical Troubleshooting,hard,support,0,2,2,True
E0086,Maxim Sokolov,Customer Support Specialist,Junior,Customer Support Specialist,Middle,career_goal,SK_PRODUCT_KNOWLEDGE,Product Knowledge,hard,sales,1,3,2,False
E0086,Maxim Sokolov,Customer Support Specialist,Junior,Customer Support Specialist,Middle,career_goal,SK_CRM,CRM Systems,hard,sales,0,2,2,False
E0086,Maxim Sokolov,Customer Support Specialist,Junior,Customer Support Specialist,Middle,career_goal,SK_WRITTEN_COMMUNICATION,Written Communication,soft,communication,2,3,1,False
E0086,Maxim Sokolov,Customer Support Specialist,Junior,Customer Support Specialist,Middle,career_goal,SK_COMMUNICATION,Communication,soft,communication,2,3,1,False
E0086,Maxim Sokolov,Customer Support Specialist,Junior,Customer Support Specialist,Middle,career_goal,SK_EMOTIONAL_INTELLIGENCE,Emotional Intelligence,soft,collaboration,2,3,1,False
E0086,Maxim Sokolov,Customer Support Specialist,Junior,Customer Support Specialist,Middle,career_goal,SK_TIME_MANAGEMENT,Time Management,soft,personal_effectiveness,1,3,2,False
E0086,Maxim Sokolov,Customer Support Specialist,Junior,Customer Support Specialist,Middle,career_goal,SK_ADAPTABILITY,Adaptability,soft,personal_effectiveness,0,2,2,False
E0086,Maxim Sokolov,Customer Support Specialist,Junior,Customer Support Specialist,Middle,career_goal,SK_PROBLEM_SOLVING,Problem Solving,soft,thinking,1,2,1,False
E0087,Maxim Smirnov,Backend Engineer,Middle,Data Analyst,Middle,career_goal,SK_STATISTICS,Statistics,hard,data,0,3,3,True
E0087,Maxim Smirnov,Backend Engineer,Middle,Data Analyst,Middle,career_goal,SK_AB_TESTING,A/B Testing,hard,data,0,2,2,False
E0087,Maxim Smirnov,Backend Engineer,Middle,Data Analyst,Middle,career_goal,SK_DATA_VIZ,Data Visualization,hard,data,0,3,3,False
E0087,Maxim Smirnov,Backend Engineer,Middle,Data Analyst,Middle,career_goal,SK_BI_TOOLS,BI Tools,hard,data,0,3,3,False
E0087,Maxim Smirnov,Backend Engineer,Middle,Data Analyst,Middle,career_goal,SK_DATA_MODELING,Data Modeling,hard,data,0,2,2,False
E0087,Maxim Smirnov,Backend Engineer,Middle,Data Analyst,Middle,career_goal,SK_ML_BASICS,Machine Learning Fundamentals,hard,data,0,1,1,False
E0087,Maxim Smirnov,Backend Engineer,Middle,Data Analyst,Middle,career_goal,SK_PRODUCT_ANALYTICS,Product Analytics,hard,product,0,1,1,False
E0087,Maxim Smirnov,Backend Engineer,Middle,Data Analyst,Middle,career_goal,SK_CRITICAL_THINKING,Critical Thinking,soft,thinking,1,3,2,False
E0087,Maxim Smirnov,Backend Engineer,Middle,Data Analyst,Middle,career_goal,SK_STAKEHOLDER_MGMT,Stakeholder Management,soft,communication,0,2,2,False
E0087,Maxim Smirnov,Backend Engineer,Middle,Data Analyst,Middle,career_goal,SK_MENTORING,Mentoring,soft,leadership,0,1,1,False
E0088,Rustem Seitkali,Backend Engineer,Senior,Backend Engineer,Lead,career_goal,SK_API_DESIGN,API Design,hard,engineering,3,4,1,False
E0088,Rustem Seitkali,Backend Engineer,Senior,Backend Engineer,Lead,career_goal,SK_SYSTEM_DESIGN,System Design,hard,engineering,4,5,1,True
E0088,Rustem Seitkali,Backend Engineer,Senior,Backend Engineer,Lead,career_goal,SK_CLOUD,Cloud Platforms,hard,engineering,3,4,1,False
E0088,Rustem Seitkali,Backend Engineer,Senior,Backend Engineer,Lead,career_goal,SK_CONTAINERS,Containers & Orchestration,hard,engineering,2,3,1,False
E0088,Rustem Seitkali,Backend Engineer,Senior,Backend Engineer,Lead,career_goal,SK_APP_SECURITY,Application Security,hard,engineering,3,4,1,False
E0088,Rustem Seitkali,Backend Engineer,Senior,Backend Engineer,Lead,career_goal,SK_COMMUNICATION,Communication,soft,communication,3,4,1,False
E0088,Rustem Seitkali,Backend Engineer,Senior,Backend Engineer,Lead,career_goal,SK_TEAMWORK,Teamwork,soft,collaboration,3,4,1,False
E0088,Rustem Seitkali,Backend Engineer,Senior,Backend Engineer,Lead,career_goal,SK_MENTORING,Mentoring,soft,leadership,3,4,1,True
E0088,Rustem Seitkali,Backend Engineer,Senior,Backend Engineer,Lead,career_goal,SK_LEADERSHIP,Leadership,soft,leadership,1,4,3,True
E0088,Rustem Seitkali,Backend Engineer,Senior,Backend Engineer,Lead,career_goal,SK_STAKEHOLDER_MGMT,Stakeholder Management,soft,communication,2,4,2,False
E0088,Rustem Seitkali,Backend Engineer,Senior,Backend Engineer,Lead,career_goal,SK_PUBLIC_SPEAKING,Public Speaking,soft,communication,1,3,2,False
E0089,Madina Temirkhanova,Sales Manager,Junior,Sales Manager,Middle,career_goal,SK_PROSPECTING,Prospecting,hard,sales,1,3,2,True
E0089,Madina Temirkhanova,Sales Manager,Junior,Sales Manager,Middle,career_goal,SK_NEGOTIATION,Negotiation,hard,sales,1,3,2,True
E0089,Madina Temirkhanova,Sales Manager,Junior,Sales Manager,Middle,career_goal,SK_CRM,CRM Systems,hard,sales,1,3,2,False
E0089,Madina Temirkhanova,Sales Manager,Junior,Sales Manager,Middle,career_goal,SK_ACCOUNT_MGMT,Account Management,hard,sales,1,2,1,False
E0089,Madina Temirkhanova,Sales Manager,Junior,Sales Manager,Middle,career_goal,SK_EMOTIONAL_INTELLIGENCE,Emotional Intelligence,soft,collaboration,1,3,2,False
E0089,Madina Temirkhanova,Sales Manager,Junior,Sales Manager,Middle,career_goal,SK_TIME_MANAGEMENT,Time Management,soft,personal_effectiveness,1,3,2,False
E0090,Irina Smirnova,Data Analyst,Middle,Data Analyst,Senior,career_goal,SK_SQL,SQL,hard,engineering,3,4,1,False
E0090,Irina Smirnova,Data Analyst,Middle,Data Analyst,Senior,career_goal,SK_PYTHON,Python,hard,engineering,1,3,2,False
E0090,Irina Smirnova,Data Analyst,Middle,Data Analyst,Senior,career_goal,SK_STATISTICS,Statistics,hard,data,2,4,2,True
E0090,Irina Smirnova,Data Analyst,Middle,Data Analyst,Senior,career_goal,SK_AB_TESTING,A/B Testing,hard,data,1,4,3,True
E0090,Irina Smirnova,Data Analyst,Middle,Data Analyst,Senior,career_goal,SK_DATA_MODELING,Data Modeling,hard,data,2,3,1,False
E0090,Irina Smirnova,Data Analyst,Middle,Data Analyst,Senior,career_goal,SK_ML_BASICS,Machine Learning Fundamentals,hard,data,1,2,1,False
E0090,Irina Smirnova,Data Analyst,Middle,Data Analyst,Senior,career_goal,SK_PRODUCT_ANALYTICS,Product Analytics,hard,product,0,3,3,False
E0090,Irina Smirnova,Data Analyst,Middle,Data Analyst,Senior,career_goal,SK_CRITICAL_THINKING,Critical Thinking,soft,thinking,1,4,3,False
E0090,Irina Smirnova,Data Analyst,Middle,Data Analyst,Senior,career_goal,SK_PUBLIC_SPEAKING,Public Speaking,soft,communication,0,2,2,False
E0090,Irina Smirnova,Data Analyst,Middle,Data Analyst,Senior,career_goal,SK_MENTORING,Mentoring,soft,leadership,1,2,1,False
E0090,Irina Smirnova,Data Analyst,Middle,Data Analyst,Senior,career_goal,SK_LEADERSHIP,Leadership,soft,leadership,1,2,1,False
E0091,Pavel Kozlov,QA Engineer,Senior,QA Engineer,Senior,current_profile,SK_TEST_AUTOMATION,Test Automation,hard,quality,3,4,1,True
E0091,Pavel Kozlov,QA Engineer,Senior,QA Engineer,Senior,current_profile,SK_JAVA,Java,hard,engineering,2,3,1,False
E0091,Pavel Kozlov,QA Engineer,Senior,QA Engineer,Senior,current_profile,SK_SQL,SQL,hard,engineering,2,3,1,False
E0091,Pavel Kozlov,QA Engineer,Senior,QA Engineer,Senior,current_profile,SK_CICD,CI/CD,hard,engineering,1,3,2,False
E0091,Pavel Kozlov,QA Engineer,Senior,QA Engineer,Senior,current_profile,SK_TEAMWORK,Teamwork,soft,collaboration,2,3,1,False
E0091,Pavel Kozlov,QA Engineer,Senior,QA Engineer,Senior,current_profile,SK_CRITICAL_THINKING,Critical Thinking,soft,thinking,2,4,2,False
E0091,Pavel Kozlov,QA Engineer,Senior,QA Engineer,Senior,current_profile,SK_WRITTEN_COMMUNICATION,Written Communication,soft,communication,2,3,1,False
E0091,Pavel Kozlov,QA Engineer,Senior,QA Engineer,Senior,current_profile,SK_MENTORING,Mentoring,soft,leadership,2,3,1,False
E0092,Daniyar Sadykov,Backend Engineer,Middle,Backend Engineer,Middle,current_profile,SK_CONTAINERS,Containers & Orchestration,hard,engineering,1,2,1,False
E0092,Daniyar Sadykov,Backend Engineer,Middle,Backend Engineer,Middle,current_profile,SK_CICD,CI/CD,hard,engineering,1,2,1,False
E0092,Daniyar Sadykov,Backend Engineer,Middle,Backend Engineer,Middle,current_profile,SK_APP_SECURITY,Application Security,hard,engineering,1,2,1,False
E0092,Daniyar Sadykov,Backend Engineer,Middle,Backend Engineer,Middle,current_profile,SK_TEAMWORK,Teamwork,soft,collaboration,2,3,1,False
E0092,Daniyar Sadykov,Backend Engineer,Middle,Backend Engineer,Middle,current_profile,SK_PROBLEM_SOLVING,Problem Solving,soft,thinking,1,3,2,False
E0093,Aizhan Zhaksylykova,Customer Support Specialist,Middle,QA Engineer,Middle,career_goal,SK_TEST_DESIGN,Test Design,hard,quality,0,3,3,False
E0093,Aizhan Zhaksylykova,Customer Support Specialist,Middle,QA Engineer,Middle,career_goal,SK_TEST_AUTOMATION,Test Automation,hard,quality,0,2,2,False
E0093,Aizhan Zhaksylykova,Customer Support Specialist,Middle,QA Engineer,Middle,career_goal,SK_API_TESTING,API Testing,hard,quality,0,3,3,True
E0093,Aizhan Zhaksylykova,Customer Support Specialist,Middle,QA Engineer,Middle,career_goal,SK_LOAD_TESTING,Load Testing,hard,quality,0,1,1,False
E0093,Aizhan Zhaksylykova,Customer Support Specialist,Middle,QA Engineer,Middle,career_goal,SK_JAVA,Java,hard,engineering,0,2,2,False
E0093,Aizhan Zhaksylykova,Customer Support Specialist,Middle,QA Engineer,Middle,career_goal,SK_SQL,SQL,hard,engineering,0,2,2,False
E0093,Aizhan Zhaksylykova,Customer Support Specialist,Middle,QA Engineer,Middle,career_goal,SK_CICD,CI/CD,hard,engineering,0,1,1,False
E0093,Aizhan Zhaksylykova,Customer Support Specialist,Middle,QA Engineer,Middle,career_goal,SK_COMMUNICATION,Communication,soft,communication,2,3,1,False
E0093,Aizhan Zhaksylykova,Customer Support Specialist,Middle,QA Engineer,Middle,career_goal,SK_CRITICAL_THINKING,Critical Thinking,soft,thinking,2,3,1,False
E0094,Kirill Petrov,Sales Manager,Senior,Sales Manager,Senior,current_profile,SK_CRM,CRM Systems,hard,sales,1,3,2,False
E0094,Kirill Petrov,Sales Manager,Senior,Sales Manager,Senior,current_profile,SK_COMMUNICATION,Communication,soft,communication,3,4,1,False
E0094,Kirill Petrov,Sales Manager,Senior,Sales Manager,Senior,current_profile,SK_LEADERSHIP,Leadership,soft,leadership,0,2,2,False
E0095,Aruzhan Bekova,HR Business Partner,Middle,HR Business Partner,Middle,current_profile,SK_EMPLOYEE_RELATIONS,Employee Relations,hard,hr,2,3,1,True
E0095,Aruzhan Bekova,HR Business Partner,Middle,HR Business Partner,Middle,current_profile,SK_LEARNING_DESIGN,Learning Program Design,hard,hr,1,2,1,False
E0095,Aruzhan Bekova,HR Business Partner,Middle,HR Business Partner,Middle,current_profile,SK_FEEDBACK,Feedback,soft,leadership,1,2,1,False
E0095,Aruzhan Bekova,HR Business Partner,Middle,HR Business Partner,Middle,current_profile,SK_STAKEHOLDER_MGMT,Stakeholder Management,soft,communication,1,2,1,False
E0095,Aruzhan Bekova,HR Business Partner,Middle,HR Business Partner,Middle,current_profile,SK_PUBLIC_SPEAKING,Public Speaking,soft,communication,1,2,1,False
E0095,Aruzhan Bekova,HR Business Partner,Middle,HR Business Partner,Middle,current_profile,SK_MENTORING,Mentoring,soft,leadership,0,1,1,False
E0096,Indira Temirkhanova,Backend Engineer,Junior,Backend Engineer,Middle,career_goal,SK_PYTHON,Python,hard,engineering,1,3,2,True
E0096,Indira Temirkhanova,Backend Engineer,Junior,Backend Engineer,Middle,career_goal,SK_SQL,SQL,hard,engineering,2,3,1,False
E0096,Indira Temirkhanova,Backend Engineer,Junior,Backend Engineer,Middle,career_goal,SK_API_DESIGN,API Design,hard,engineering,1,3,2,True
E0096,Indira Temirkhanova,Backend Engineer,Junior,Backend Engineer,Middle,career_goal,SK_CLOUD,Cloud Platforms,hard,engineering,0,2,2,False
E0096,Indira Temirkhanova,Backend Engineer,Junior,Backend Engineer,Middle,career_goal,SK_CONTAINERS,Containers & Orchestration,hard,engineering,1,2,1,False
E0096,Indira Temirkhanova,Backend Engineer,Junior,Backend Engineer,Middle,career_goal,SK_CICD,CI/CD,hard,engineering,0,2,2,False
E0096,Indira Temirkhanova,Backend Engineer,Junior,Backend Engineer,Middle,career_goal,SK_APP_SECURITY,Application Security,hard,engineering,1,2,1,False
E0096,Indira Temirkhanova,Backend Engineer,Junior,Backend Engineer,Middle,career_goal,SK_OBSERVABILITY,Observability,hard,engineering,0,2,2,False
E0096,Indira Temirkhanova,Backend Engineer,Junior,Backend Engineer,Middle,career_goal,SK_COMMUNICATION,Communication,soft,communication,0,3,3,False
E0096,Indira Temirkhanova,Backend Engineer,Junior,Backend Engineer,Middle,career_goal,SK_TEAMWORK,Teamwork,soft,collaboration,2,3,1,False
E0096,Indira Temirkhanova,Backend Engineer,Junior,Backend Engineer,Middle,career_goal,SK_PROBLEM_SOLVING,Problem Solving,soft,thinking,2,3,1,False
E0096,Indira Temirkhanova,Backend Engineer,Junior,Backend Engineer,Middle,career_goal,SK_MENTORING,Mentoring,soft,leadership,0,1,1,False
E0097,Olzhas Dzhakupov,Backend Engineer,Senior,Backend Engineer,Senior,current_profile,SK_API_DESIGN,API Design,hard,engineering,3,4,1,True
E0097,Olzhas Dzhakupov,Backend Engineer,Senior,Backend Engineer,Senior,current_profile,SK_CONTAINERS,Containers & Orchestration,hard,engineering,2,3,1,False
E0097,Olzhas Dzhakupov,Backend Engineer,Senior,Backend Engineer,Senior,current_profile,SK_OBSERVABILITY,Observability,hard,engineering,1,3,2,False
E0097,Olzhas Dzhakupov,Backend Engineer,Senior,Backend Engineer,Senior,current_profile,SK_TEAMWORK,Teamwork,soft,collaboration,2,3,1,False
E0097,Olzhas Dzhakupov,Backend Engineer,Senior,Backend Engineer,Senior,current_profile,SK_MENTORING,Mentoring,soft,leadership,2,3,1,False
E0097,Olzhas Dzhakupov,Backend Engineer,Senior,Backend Engineer,Senior,current_profile,SK_LEADERSHIP,Leadership,soft,leadership,0,2,2,False
E0097,Olzhas Dzhakupov,Backend Engineer,Senior,Backend Engineer,Senior,current_profile,SK_STAKEHOLDER_MGMT,Stakeholder Management,soft,communication,1,2,1,False
E0098,Azamat Baimukhanov,QA Engineer,Middle,QA Engineer,Senior,career_goal,SK_TEST_DESIGN,Test Design,hard,quality,2,4,2,False
E0098,Azamat Baimukhanov,QA Engineer,Middle,QA Engineer,Senior,career_goal,SK_TEST_AUTOMATION,Test Automation,hard,quality,3,4,1,True
E0098,Azamat Baimukhanov,QA Engineer,Middle,QA Engineer,Senior,career_goal,SK_API_TESTING,API Testing,hard,quality,3,4,1,False
E0098,Azamat Baimukhanov,QA Engineer,Middle,QA Engineer,Senior,career_goal,SK_LOAD_TESTING,Load Testing,hard,quality,2,3,1,True
E0098,Azamat Baimukhanov,QA Engineer,Middle,QA Engineer,Senior,career_goal,SK_JAVA,Java,hard,engineering,2,3,1,False
E0098,Azamat Baimukhanov,QA Engineer,Middle,QA Engineer,Senior,career_goal,SK_SQL,SQL,hard,engineering,1,3,2,False
E0098,Azamat Baimukhanov,QA Engineer,Middle,QA Engineer,Senior,career_goal,SK_CICD,CI/CD,hard,engineering,1,3,2,False
E0098,Azamat Baimukhanov,QA Engineer,Middle,QA Engineer,Senior,career_goal,SK_COMMUNICATION,Communication,soft,communication,2,3,1,False
E0098,Azamat Baimukhanov,QA Engineer,Middle,QA Engineer,Senior,career_goal,SK_TEAMWORK,Teamwork,soft,collaboration,2,3,1,False
E0098,Azamat Baimukhanov,QA Engineer,Middle,QA Engineer,Senior,career_goal,SK_WRITTEN_COMMUNICATION,Written Communication,soft,communication,0,3,3,False
E0098,Azamat Baimukhanov,QA Engineer,Middle,QA Engineer,Senior,career_goal,SK_MENTORING,Mentoring,soft,leadership,0,3,3,False
E0098,Azamat Baimukhanov,QA Engineer,Middle,QA Engineer,Senior,career_goal,SK_LEADERSHIP,Leadership,soft,leadership,1,2,1,False
E0099,Ksenia Popova,HR Business Partner,Middle,HR Business Partner,Middle,current_profile,SK_TALENT_ACQUISITION,Talent Acquisition,hard,hr,2,3,1,False
E0099,Ksenia Popova,HR Business Partner,Middle,HR Business Partner,Middle,current_profile,SK_COMMUNICATION,Communication,soft,communication,1,3,2,False
E0099,Ksenia Popova,HR Business Partner,Middle,HR Business Partner,Middle,current_profile,SK_EMOTIONAL_INTELLIGENCE,Emotional Intelligence,soft,collaboration,2,3,1,False
E0099,Ksenia Popova,HR Business Partner,Middle,HR Business Partner,Middle,current_profile,SK_STAKEHOLDER_MGMT,Stakeholder Management,soft,communication,1,2,1,False
E0100,Maria Ivanova,Product Manager,Junior,Product Manager,Middle,career_goal,SK_PRODUCT_DISCOVERY,Product Discovery,hard,product,1,3,2,True
E0100,Maria Ivanova,Product Manager,Junior,Product Manager,Middle,career_goal,SK_ROADMAPPING,Roadmapping & Prioritization,hard,product,1,2,1,False
E0100,Maria Ivanova,Product Manager,Junior,Product Manager,Middle,career_goal,SK_PRODUCT_ANALYTICS,Product Analytics,hard,product,2,3,1,True
E0100,Maria Ivanova,Product Manager,Junior,Product Manager,Middle,career_goal,SK_UX_RESEARCH,UX Research,hard,product,1,2,1,False
E0100,Maria Ivanova,Product Manager,Junior,Product Manager,Middle,career_goal,SK_REQUIREMENTS,Requirements Writing,hard,product,1,3,2,False
E0100,Maria Ivanova,Product Manager,Junior,Product Manager,Middle,career_goal,SK_STAKEHOLDER_MGMT,Stakeholder Management,soft,communication,2,3,1,False
E0100,Maria Ivanova,Product Manager,Junior,Product Manager,Middle,career_goal,SK_PUBLIC_SPEAKING,Public Speaking,soft,communication,1,2,1,False
E0101,Sergey Morozov,Backend Engineer,Junior,Backend Engineer,Middle,career_goal,SK_PYTHON,Python,hard,engineering,1,3,2,True
E0101,Sergey Morozov,Backend Engineer,Junior,Backend Engineer,Middle,career_goal,SK_SQL,SQL,hard,engineering,0,3,3,False
E0101,Sergey Morozov,Backend Engineer,Junior,Backend Engineer,Middle,career_goal,SK_API_DESIGN,API Design,hard,engineering,0,3,3,True
E0101,Sergey Morozov,Backend Engineer,Junior,Backend Engineer,Middle,career_goal,SK_SYSTEM_DESIGN,System Design,hard,engineering,0,2,2,False
E0101,Sergey Morozov,Backend Engineer,Junior,Backend Engineer,Middle,career_goal,SK_CONTAINERS,Containers & Orchestration,hard,engineering,1,2,1,False
E0101,Sergey Morozov,Backend Engineer,Junior,Backend Engineer,Middle,career_goal,SK_CICD,CI/CD,hard,engineering,0,2,2,False
E0101,Sergey Morozov,Backend Engineer,Junior,Backend Engineer,Middle,career_goal,SK_APP_SECURITY,Application Security,hard,engineering,1,2,1,False
E0101,Sergey Morozov,Backend Engineer,Junior,Backend Engineer,Middle,career_goal,SK_COMMUNICATION,Communication,soft,communication,1,3,2,False
E0101,Sergey Morozov,Backend Engineer,Junior,Backend Engineer,Middle,career_goal,SK_TEAMWORK,Teamwork,soft,collaboration,2,3,1,False
E0101,Sergey Morozov,Backend Engineer,Junior,Backend Engineer,Middle,career_goal,SK_PROBLEM_SOLVING,Problem Solving,soft,thinking,2,3,1,False
E0101,Sergey Morozov,Backend Engineer,Junior,Backend Engineer,Middle,career_goal,SK_PUBLIC_SPEAKING,Public Speaking,soft,communication,0,1,1,False
E0102,Olzhas Akhmetov,Frontend Engineer,Junior,Frontend Engineer,Middle,career_goal,SK_JAVASCRIPT,JavaScript,hard,frontend,2,3,1,False
E0102,Olzhas Akhmetov,Frontend Engineer,Junior,Frontend Engineer,Middle,career_goal,SK_TYPESCRIPT,TypeScript,hard,frontend,0,3,3,True
E0102,Olzhas Akhmetov,Frontend Engineer,Junior,Frontend Engineer,Middle,career_goal,SK_REACT,React,hard,frontend,2,3,1,True
E0102,Olzhas Akhmetov,Frontend Engineer,Junior,Frontend Engineer,Middle,career_goal,SK_HTML_CSS,HTML & CSS,hard,frontend,2,3,1,False
E0102,Olzhas Akhmetov,Frontend Engineer,Junior,Frontend Engineer,Middle,career_goal,SK_WEB_PERFORMANCE,Web Performance,hard,frontend,0,2,2,False
E0102,Olzhas Akhmetov,Frontend Engineer,Junior,Frontend Engineer,Middle,career_goal,SK_ACCESSIBILITY,Web Accessibility,hard,frontend,1,2,1,False
E0102,Olzhas Akhmetov,Frontend Engineer,Junior,Frontend Engineer,Middle,career_goal,SK_COMMUNICATION,Communication,soft,communication,1,3,2,False
E0102,Olzhas Akhmetov,Frontend Engineer,Junior,Frontend Engineer,Middle,career_goal,SK_PROBLEM_SOLVING,Problem Solving,soft,thinking,1,3,2,False
E0103,Nikita Sokolov,QA Engineer,Senior,QA Engineer,Lead,career_goal,SK_TEST_DESIGN,Test Design,hard,quality,2,4,2,False
E0103,Nikita Sokolov,QA Engineer,Senior,QA Engineer,Lead,career_goal,SK_API_TESTING,API Testing,hard,quality,3,4,1,False
E0103,Nikita Sokolov,QA Engineer,Senior,QA Engineer,Lead,career_goal,SK_SQL,SQL,hard,engineering,2,3,1,False
E0103,Nikita Sokolov,QA Engineer,Senior,QA Engineer,Lead,career_goal,SK_COMMUNICATION,Communication,soft,communication,3,4,1,False
E0103,Nikita Sokolov,QA Engineer,Senior,QA Engineer,Lead,career_goal,SK_TEAMWORK,Teamwork,soft,collaboration,2,4,2,False
E0103,Nikita Sokolov,QA Engineer,Senior,QA Engineer,Lead,career_goal,SK_WRITTEN_COMMUNICATION,Written Communication,soft,communication,1,4,3,False
E0103,Nikita Sokolov,QA Engineer,Senior,QA Engineer,Lead,career_goal,SK_LEADERSHIP,Leadership,soft,leadership,2,4,2,True
E0104,Andrey Pavlov,Sales Manager,Junior,Sales Manager,Middle,career_goal,SK_NEGOTIATION,Negotiation,hard,sales,1,3,2,True
E0104,Andrey Pavlov,Sales Manager,Junior,Sales Manager,Middle,career_goal,SK_CRM,CRM Systems,hard,sales,2,3,1,False
E0104,Andrey Pavlov,Sales Manager,Junior,Sales Manager,Middle,career_goal,SK_ACCOUNT_MGMT,Account Management,hard,sales,0,2,2,False
E0104,Andrey Pavlov,Sales Manager,Junior,Sales Manager,Middle,career_goal,SK_PRODUCT_KNOWLEDGE,Product Knowledge,hard,sales,1,3,2,False
E0104,Andrey Pavlov,Sales Manager,Junior,Sales Manager,Middle,career_goal,SK_EMOTIONAL_INTELLIGENCE,Emotional Intelligence,soft,collaboration,1,3,2,False
E0104,Andrey Pavlov,Sales Manager,Junior,Sales Manager,Middle,career_goal,SK_TIME_MANAGEMENT,Time Management,soft,personal_effectiveness,1,3,2,False
E0105,Saule Dzhakupova,HR Business Partner,Senior,Product Manager,Senior,career_goal,SK_PRODUCT_DISCOVERY,Product Discovery,hard,product,0,4,4,False
E0105,Saule Dzhakupova,HR Business Partner,Senior,Product Manager,Senior,career_goal,SK_ROADMAPPING,Roadmapping & Prioritization,hard,product,0,4,4,True
E0105,Saule Dzhakupova,HR Business Partner,Senior,Product Manager,Senior,career_goal,SK_PRODUCT_ANALYTICS,Product Analytics,hard,product,0,4,4,False
E0105,Saule Dzhakupova,HR Business Partner,Senior,Product Manager,Senior,career_goal,SK_UX_RESEARCH,UX Research,hard,product,0,3,3,False
E0105,Saule Dzhakupova,HR Business Partner,Senior,Product Manager,Senior,career_goal,SK_REQUIREMENTS,Requirements Writing,hard,product,0,4,4,False
E0105,Saule Dzhakupova,HR Business Partner,Senior,Product Manager,Senior,career_goal,SK_AGILE,Agile Practices,hard,product,0,3,3,False
E0105,Saule Dzhakupova,HR Business Partner,Senior,Product Manager,Senior,career_goal,SK_PROJECT_MGMT,Project Management,hard,product,0,3,3,False
E0105,Saule Dzhakupova,HR Business Partner,Senior,Product Manager,Senior,career_goal,SK_SQL,SQL,hard,engineering,0,2,2,False
E0105,Saule Dzhakupova,HR Business Partner,Senior,Product Manager,Senior,career_goal,SK_AB_TESTING,A/B Testing,hard,data,0,3,3,False
E0105,Saule Dzhakupova,HR Business Partner,Senior,Product Manager,Senior,career_goal,SK_CRITICAL_THINKING,Critical Thinking,soft,thinking,3,4,1,False
E0105,Saule Dzhakupova,HR Business Partner,Senior,Product Manager,Senior,career_goal,SK_LEADERSHIP,Leadership,soft,leadership,1,3,2,False
E0106,Pavel Volkov,Backend Engineer,Senior,Backend Engineer,Lead,career_goal,SK_API_DESIGN,API Design,hard,engineering,3,4,1,False
E0106,Pavel Volkov,Backend Engineer,Senior,Backend Engineer,Lead,career_goal,SK_SYSTEM_DESIGN,System Design,hard,engineering,4,5,1,True
E0106,Pavel Volkov,Backend Engineer,Senior,Backend Engineer,Lead,career_goal,SK_CLOUD,Cloud Platforms,hard,engineering,3,4,1,False
E0106,Pavel Volkov,Backend Engineer,Senior,Backend Engineer,Lead,career_goal,SK_CONTAINERS,Containers & Orchestration,hard,engineering,2,3,1,False
E0106,Pavel Volkov,Backend Engineer,Senior,Backend Engineer,Lead,career_goal,SK_OBSERVABILITY,Observability,hard,engineering,3,4,1,False
E0106,Pavel Volkov,Backend Engineer,Senior,Backend Engineer,Lead,career_goal,SK_COMMUNICATION,Communication,soft,communication,3,4,1,False
E0106,Pavel Volkov,Backend Engineer,Senior,Backend Engineer,Lead,career_goal,SK_PROBLEM_SOLVING,Problem Solving,soft,thinking,3,4,1,False
E0106,Pavel Volkov,Backend Engineer,Senior,Backend Engineer,Lead,career_goal,SK_MENTORING,Mentoring,soft,leadership,3,4,1,True
E0106,Pavel Volkov,Backend Engineer,Senior,Backend Engineer,Lead,career_goal,SK_LEADERSHIP,Leadership,soft,leadership,3,4,1,True
E0106,Pavel Volkov,Backend Engineer,Senior,Backend Engineer,Lead,career_goal,SK_STAKEHOLDER_MGMT,Stakeholder Management,soft,communication,2,4,2,False
E0106,Pavel Volkov,Backend Engineer,Senior,Backend Engineer,Lead,career_goal,SK_PUBLIC_SPEAKING,Public Speaking,soft,communication,2,3,1,False
E0107,Kanat Seitkali,Product Manager,Middle,Data Analyst,Middle,career_goal,SK_SQL,SQL,hard,engineering,0,3,3,True
E0107,Kanat Seitkali,Product Manager,Middle,Data Analyst,Middle,career_goal,SK_PYTHON,Python,hard,engineering,0,2,2,False
E0107,Kanat Seitkali,Product Manager,Middle,Data Analyst,Middle,career_goal,SK_STATISTICS,Statistics,hard,data,0,3,3,True
E0107,Kanat Seitkali,Product Manager,Middle,Data Analyst,Middle,career_goal,SK_AB_TESTING,A/B Testing,hard,data,1,2,1,False
E0107,Kanat Seitkali,Product Manager,Middle,Data Analyst,Middle,career_goal,SK_DATA_VIZ,Data Visualization,hard,data,0,3,3,False
E0107,Kanat Seitkali,Product Manager,Middle,Data Analyst,Middle,career_goal,SK_BI_TOOLS,BI Tools,hard,data,0,3,3,False
E0107,Kanat Seitkali,Product Manager,Middle,Data Analyst,Middle,career_goal,SK_DATA_MODELING,Data Modeling,hard,data,0,2,2,False
E0107,Kanat Seitkali,Product Manager,Middle,Data Analyst,Middle,career_goal,SK_ML_BASICS,Machine Learning Fundamentals,hard,data,0,1,1,False
E0107,Kanat Seitkali,Product Manager,Middle,Data Analyst,Middle,career_goal,SK_CRITICAL_THINKING,Critical Thinking,soft,thinking,2,3,1,False
E0107,Kanat Seitkali,Product Manager,Middle,Data Analyst,Middle,career_goal,SK_MENTORING,Mentoring,soft,leadership,0,1,1,False
E0108,Irina Volkova,Product Manager,Middle,Data Analyst,Middle,career_goal,SK_SQL,SQL,hard,engineering,2,3,1,True
E0108,Irina Volkova,Product Manager,Middle,Data Analyst,Middle,career_goal,SK_PYTHON,Python,hard,engineering,0,2,2,False
E0108,Irina Volkova,Product Manager,Middle,Data Analyst,Middle,career_goal,SK_STATISTICS,Statistics,hard,data,0,3,3,True
E0108,Irina Volkova,Product Manager,Middle,Data Analyst,Middle,career_goal,SK_AB_TESTING,A/B Testing,hard,data,1,2,1,False
E0108,Irina Volkova,Product Manager,Middle,Data Analyst,Middle,career_goal,SK_DATA_VIZ,Data Visualization,hard,data,0,3,3,False
E0108,Irina Volkova,Product Manager,Middle,Data Analyst,Middle,career_goal,SK_BI_TOOLS,BI Tools,hard,data,1,3,2,False
E0108,Irina Volkova,Product Manager,Middle,Data Analyst,Middle,career_goal,SK_DATA_MODELING,Data Modeling,hard,data,0,2,2,False
E0108,Irina Volkova,Product Manager,Middle,Data Analyst,Middle,career_goal,SK_ML_BASICS,Machine Learning Fundamentals,hard,data,0,1,1,False
E0108,Irina Volkova,Product Manager,Middle,Data Analyst,Middle,career_goal,SK_MENTORING,Mentoring,soft,leadership,0,1,1,False
E0109,Artem Lebedev,Frontend Engineer,Middle,Frontend Engineer,Senior,career_goal,SK_JAVASCRIPT,JavaScript,hard,frontend,2,4,2,False
E0109,Artem Lebedev,Frontend Engineer,Middle,Frontend Engineer,Senior,career_goal,SK_REACT,React,hard,frontend,2,4,2,False
E0109,Artem Lebedev,Frontend Engineer,Middle,Frontend Engineer,Senior,career_goal,SK_WEB_PERFORMANCE,Web Performance,hard,frontend,2,4,2,True
E0109,Artem Lebedev,Frontend Engineer,Middle,Frontend Engineer,Senior,career_goal,SK_ACCESSIBILITY,Web Accessibility,hard,frontend,0,3,3,False
E0109,Artem Lebedev,Frontend Engineer,Middle,Frontend Engineer,Senior,career_goal,SK_API_DESIGN,API Design,hard,engineering,0,2,2,False
E0109,Artem Lebedev,Frontend Engineer,Middle,Frontend Engineer,Senior,career_goal,SK_CICD,CI/CD,hard,engineering,1,2,1,False
E0109,Artem Lebedev,Frontend Engineer,Middle,Frontend Engineer,Senior,career_goal,SK_COMMUNICATION,Communication,soft,communication,2,3,1,False
E0109,Artem Lebedev,Frontend Engineer,Middle,Frontend Engineer,Senior,career_goal,SK_PROBLEM_SOLVING,Problem Solving,soft,thinking,3,4,1,False
E0109,Artem Lebedev,Frontend Engineer,Middle,Frontend Engineer,Senior,career_goal,SK_MENTORING,Mentoring,soft,leadership,1,3,2,False
E0109,Artem Lebedev,Frontend Engineer,Middle,Frontend Engineer,Senior,career_goal,SK_PUBLIC_SPEAKING,Public Speaking,soft,communication,1,2,1,False
E0110,Askar Zhaksylykov,QA Engineer,Junior,QA Engineer,Junior,current_profile,SK_TEST_AUTOMATION,Test Automation,hard,quality,0,1,1,False
E0110,Askar Zhaksylykov,QA Engineer,Junior,QA Engineer,Junior,current_profile,SK_JAVA,Java,hard,engineering,0,1,1,False
E0110,Askar Zhaksylykov,QA Engineer,Junior,QA Engineer,Junior,current_profile,SK_COMMUNICATION,Communication,soft,communication,1,2,1,False
E0111,Artem Kozlov,QA Engineer,Middle,QA Engineer,Middle,current_profile,SK_TEST_AUTOMATION,Test Automation,hard,quality,0,2,2,False
E0111,Artem Kozlov,QA Engineer,Middle,QA Engineer,Middle,current_profile,SK_LOAD_TESTING,Load Testing,hard,quality,0,1,1,False
E0111,Artem Kozlov,QA Engineer,Middle,QA Engineer,Middle,current_profile,SK_COMMUNICATION,Communication,soft,communication,2,3,1,False
E0111,Artem Kozlov,QA Engineer,Middle,QA Engineer,Middle,current_profile,SK_CRITICAL_THINKING,Critical Thinking,soft,thinking,2,3,1,False
E0112,Sergey Lebedev,Customer Support Specialist,Senior,Customer Support Specialist,Lead,career_goal,SK_CUSTOMER_SERVICE,Customer Service,hard,support,3,4,1,False
E0112,Sergey Lebedev,Customer Support Specialist,Senior,Customer Support Specialist,Lead,career_goal,SK_TROUBLESHOOTING,Technical Troubleshooting,hard,support,2,4,2,False
E0112,Sergey Lebedev,Customer Support Specialist,Senior,Customer Support Specialist,Lead,career_goal,SK_WRITTEN_COMMUNICATION,Written Communication,soft,communication,2,4,2,False
E0112,Sergey Lebedev,Customer Support Specialist,Senior,Customer Support Specialist,Lead,career_goal,SK_COMMUNICATION,Communication,soft,communication,3,4,1,False
E0112,Sergey Lebedev,Customer Support Specialist,Senior,Customer Support Specialist,Lead,career_goal,SK_EMOTIONAL_INTELLIGENCE,Emotional Intelligence,soft,collaboration,1,4,3,False
E0112,Sergey Lebedev,Customer Support Specialist,Senior,Customer Support Specialist,Lead,career_goal,SK_MENTORING,Mentoring,soft,leadership,1,4,3,False
E0112,Sergey Lebedev,Customer Support Specialist,Senior,Customer Support Specialist,Lead,career_goal,SK_LEADERSHIP,Leadership,soft,leadership,2,4,2,True
E0112,Sergey Lebedev,Customer Support Specialist,Senior,Customer Support Specialist,Lead,career_goal,SK_FEEDBACK,Feedback,soft,leadership,2,3,1,True
E0113,Ivan Pavlov,Product Manager,Junior,Product Manager,Junior,current_profile,SK_PRODUCT_DISCOVERY,Product Discovery,hard,product,0,1,1,False
E0113,Ivan Pavlov,Product Manager,Junior,Product Manager,Junior,current_profile,SK_REQUIREMENTS,Requirements Writing,hard,product,1,2,1,True
E0113,Ivan Pavlov,Product Manager,Junior,Product Manager,Junior,current_profile,SK_AGILE,Agile Practices,hard,product,1,2,1,False
E0113,Ivan Pavlov,Product Manager,Junior,Product Manager,Junior,current_profile,SK_COMMUNICATION,Communication,soft,communication,1,3,2,False
E0113,Ivan Pavlov,Product Manager,Junior,Product Manager,Junior,current_profile,SK_PUBLIC_SPEAKING,Public Speaking,soft,communication,0,1,1,False
E0114,Serik Tulegenov,Customer Support Specialist,Junior,Customer Support Specialist,Middle,career_goal,SK_CUSTOMER_SERVICE,Customer Service,hard,support,2,3,1,False
E0114,Serik Tulegenov,Customer Support Specialist,Junior,Customer Support Specialist,Middle,career_goal,SK_TROUBLESHOOTING,Technical Troubleshooting,hard,support,0,2,2,True
E0114,Serik Tulegenov,Customer Support Specialist,Junior,Customer Support Specialist,Middle,career_goal,SK_PRODUCT_KNOWLEDGE,Product Knowledge,hard,sales,2,3,1,False
E0114,Serik Tulegenov,Customer Support Specialist,Junior,Customer Support Specialist,Middle,career_goal,SK_CRM,CRM Systems,hard,sales,0,2,2,False
E0114,Serik Tulegenov,Customer Support Specialist,Junior,Customer Support Specialist,Middle,career_goal,SK_WRITTEN_COMMUNICATION,Written Communication,soft,communication,2,3,1,False
E0114,Serik Tulegenov,Customer Support Specialist,Junior,Customer Support Specialist,Middle,career_goal,SK_COMMUNICATION,Communication,soft,communication,2,3,1,False
E0114,Serik Tulegenov,Customer Support Specialist,Junior,Customer Support Specialist,Middle,career_goal,SK_CONFLICT_RESOLUTION,Conflict Resolution,soft,leadership,1,2,1,True
E0114,Serik Tulegenov,Customer Support Specialist,Junior,Customer Support Specialist,Middle,career_goal,SK_EMOTIONAL_INTELLIGENCE,Emotional Intelligence,soft,collaboration,2,3,1,False
E0114,Serik Tulegenov,Customer Support Specialist,Junior,Customer Support Specialist,Middle,career_goal,SK_ADAPTABILITY,Adaptability,soft,personal_effectiveness,1,2,1,False
E0114,Serik Tulegenov,Customer Support Specialist,Junior,Customer Support Specialist,Middle,career_goal,SK_FEEDBACK,Feedback,soft,leadership,0,1,1,False
E0115,Zarina Kassymova,Frontend Engineer,Junior,Frontend Engineer,Middle,career_goal,SK_JAVASCRIPT,JavaScript,hard,frontend,2,3,1,False
E0115,Zarina Kassymova,Frontend Engineer,Junior,Frontend Engineer,Middle,career_goal,SK_TYPESCRIPT,TypeScript,hard,frontend,2,3,1,True
E0115,Zarina Kassymova,Frontend Engineer,Junior,Frontend Engineer,Middle,career_goal,SK_REACT,React,hard,frontend,2,3,1,True
E0115,Zarina Kassymova,Frontend Engineer,Junior,Frontend Engineer,Middle,career_goal,SK_WEB_PERFORMANCE,Web Performance,hard,frontend,1,2,1,False
E0115,Zarina Kassymova,Frontend Engineer,Junior,Frontend Engineer,Middle,career_goal,SK_CICD,CI/CD,hard,engineering,0,1,1,False
E0115,Zarina Kassymova,Frontend Engineer,Junior,Frontend Engineer,Middle,career_goal,SK_COMMUNICATION,Communication,soft,communication,1,3,2,False
E0115,Zarina Kassymova,Frontend Engineer,Junior,Frontend Engineer,Middle,career_goal,SK_TEAMWORK,Teamwork,soft,collaboration,2,3,1,False
E0115,Zarina Kassymova,Frontend Engineer,Junior,Frontend Engineer,Middle,career_goal,SK_PROBLEM_SOLVING,Problem Solving,soft,thinking,1,3,2,False
E0116,Zhanna Abenova,Product Manager,Middle,Product Manager,Senior,career_goal,SK_PRODUCT_DISCOVERY,Product Discovery,hard,product,3,4,1,False
E0116,Zhanna Abenova,Product Manager,Middle,Product Manager,Senior,career_goal,SK_ROADMAPPING,Roadmapping & Prioritization,hard,product,1,4,3,True
E0116,Zhanna Abenova,Product Manager,Middle,Product Manager,Senior,career_goal,SK_UX_RESEARCH,UX Research,hard,product,1,3,2,False
E0116,Zhanna Abenova,Product Manager,Middle,Product Manager,Senior,career_goal,SK_REQUIREMENTS,Requirements Writing,hard,product,3,4,1,False
E0116,Zhanna Abenova,Product Manager,Middle,Product Manager,Senior,career_goal,SK_PROJECT_MGMT,Project Management,hard,product,1,3,2,False
E0116,Zhanna Abenova,Product Manager,Middle,Product Manager,Senior,career_goal,SK_SQL,SQL,hard,engineering,1,2,1,False
E0116,Zhanna Abenova,Product Manager,Middle,Product Manager,Senior,career_goal,SK_AB_TESTING,A/B Testing,hard,data,0,3,3,False
E0116,Zhanna Abenova,Product Manager,Middle,Product Manager,Senior,career_goal,SK_COMMUNICATION,Communication,soft,communication,3,4,1,False
E0116,Zhanna Abenova,Product Manager,Middle,Product Manager,Senior,career_goal,SK_STAKEHOLDER_MGMT,Stakeholder Management,soft,communication,3,4,1,True
E0116,Zhanna Abenova,Product Manager,Middle,Product Manager,Senior,career_goal,SK_PUBLIC_SPEAKING,Public Speaking,soft,communication,1,3,2,False
E0116,Zhanna Abenova,Product Manager,Middle,Product Manager,Senior,career_goal,SK_CRITICAL_THINKING,Critical Thinking,soft,thinking,2,4,2,False
E0116,Zhanna Abenova,Product Manager,Middle,Product Manager,Senior,career_goal,SK_LEADERSHIP,Leadership,soft,leadership,0,3,3,False
E0117,Aidos Yessenov,Frontend Engineer,Junior,Product Manager,Junior,career_goal,SK_PRODUCT_DISCOVERY,Product Discovery,hard,product,0,1,1,False
E0117,Aidos Yessenov,Frontend Engineer,Junior,Product Manager,Junior,career_goal,SK_ROADMAPPING,Roadmapping & Prioritization,hard,product,0,1,1,False
E0117,Aidos Yessenov,Frontend Engineer,Junior,Product Manager,Junior,career_goal,SK_PRODUCT_ANALYTICS,Product Analytics,hard,product,0,1,1,False
E0117,Aidos Yessenov,Frontend Engineer,Junior,Product Manager,Junior,career_goal,SK_UX_RESEARCH,UX Research,hard,product,0,1,1,False
E0117,Aidos Yessenov,Frontend Engineer,Junior,Product Manager,Junior,career_goal,SK_REQUIREMENTS,Requirements Writing,hard,product,0,2,2,True
E0117,Aidos Yessenov,Frontend Engineer,Junior,Product Manager,Junior,career_goal,SK_AGILE,Agile Practices,hard,product,0,2,2,False
E0117,Aidos Yessenov,Frontend Engineer,Junior,Product Manager,Junior,career_goal,SK_PROJECT_MGMT,Project Management,hard,product,0,1,1,False
E0117,Aidos Yessenov,Frontend Engineer,Junior,Product Manager,Junior,career_goal,SK_COMMUNICATION,Communication,soft,communication,2,3,1,False
E0117,Aidos Yessenov,Frontend Engineer,Junior,Product Manager,Junior,career_goal,SK_STAKEHOLDER_MGMT,Stakeholder Management,soft,communication,0,1,1,False
E0117,Aidos Yessenov,Frontend Engineer,Junior,Product Manager,Junior,career_goal,SK_PUBLIC_SPEAKING,Public Speaking,soft,communication,0,1,1,False
E0117,Aidos Yessenov,Frontend Engineer,Junior,Product Manager,Junior,career_goal,SK_CRITICAL_THINKING,Critical Thinking,soft,thinking,1,2,1,False
E0118,Maria Smirnova,Frontend Engineer,Middle,Frontend Engineer,Senior,career_goal,SK_JAVASCRIPT,JavaScript,hard,frontend,2,4,2,False
E0118,Maria Smirnova,Frontend Engineer,Middle,Frontend Engineer,Senior,career_goal,SK_TYPESCRIPT,TypeScript,hard,frontend,2,4,2,True
E0118,Maria Smirnova,Frontend Engineer,Middle,Frontend Engineer,Senior,career_goal,SK_REACT,React,hard,frontend,3,4,1,False
E0118,Maria Smirnova,Frontend Engineer,Middle,Frontend Engineer,Senior,career_goal,SK_HTML_CSS,HTML & CSS,hard,frontend,3,4,1,False
E0118,Maria Smirnova,Frontend Engineer,Middle,Frontend Engineer,Senior,career_goal,SK_WEB_PERFORMANCE,Web Performance,hard,frontend,1,4,3,True
E0118,Maria Smirnova,Frontend Engineer,Middle,Frontend Engineer,Senior,career_goal,SK_ACCESSIBILITY,Web Accessibility,hard,frontend,2,3,1,False
E0118,Maria Smirnova,Frontend Engineer,Middle,Frontend Engineer,Senior,career_goal,SK_API_DESIGN,API Design,hard,engineering,0,2,2,False
E0118,Maria Smirnova,Frontend Engineer,Middle,Frontend Engineer,Senior,career_goal,SK_COMMUNICATION,Communication,soft,communication,2,3,1,False
E0118,Maria Smirnova,Frontend Engineer,Middle,Frontend Engineer,Senior,career_goal,SK_TEAMWORK,Teamwork,soft,collaboration,2,3,1,False
E0118,Maria Smirnova,Frontend Engineer,Middle,Frontend Engineer,Senior,career_goal,SK_PROBLEM_SOLVING,Problem Solving,soft,thinking,3,4,1,False
E0118,Maria Smirnova,Frontend Engineer,Middle,Frontend Engineer,Senior,career_goal,SK_MENTORING,Mentoring,soft,leadership,0,3,3,False
E0118,Maria Smirnova,Frontend Engineer,Middle,Frontend Engineer,Senior,career_goal,SK_STAKEHOLDER_MGMT,Stakeholder Management,soft,communication,1,2,1,False
E0118,Maria Smirnova,Frontend Engineer,Middle,Frontend Engineer,Senior,career_goal,SK_PUBLIC_SPEAKING,Public Speaking,soft,communication,0,2,2,False
E0119,Artem Sokolov,Backend Engineer,Junior,Backend Engineer,Junior,current_profile,SK_SQL,SQL,hard,engineering,1,2,1,False
E0119,Artem Sokolov,Backend Engineer,Junior,Backend Engineer,Junior,current_profile,SK_CONTAINERS,Containers & Orchestration,hard,engineering,0,1,1,False
E0119,Artem Sokolov,Backend Engineer,Junior,Backend Engineer,Junior,current_profile,SK_CICD,CI/CD,hard,engineering,0,1,1,False
E0119,Artem Sokolov,Backend Engineer,Junior,Backend Engineer,Junior,current_profile,SK_APP_SECURITY,Application Security,hard,engineering,0,1,1,False
E0119,Artem Sokolov,Backend Engineer,Junior,Backend Engineer,Junior,current_profile,SK_COMMUNICATION,Communication,soft,communication,1,2,1,False
E0119,Artem Sokolov,Backend Engineer,Junior,Backend Engineer,Junior,current_profile,SK_PROBLEM_SOLVING,Problem Solving,soft,thinking,1,2,1,False
E0120,Ivan Ivanov,Frontend Engineer,Senior,Frontend Engineer,Senior,current_profile,SK_JAVASCRIPT,JavaScript,hard,frontend,3,4,1,False
E0120,Ivan Ivanov,Frontend Engineer,Senior,Frontend Engineer,Senior,current_profile,SK_API_DESIGN,API Design,hard,engineering,1,2,1,False
E0120,Ivan Ivanov,Frontend Engineer,Senior,Frontend Engineer,Senior,current_profile,SK_MENTORING,Mentoring,soft,leadership,2,3,1,False
E0120,Ivan Ivanov,Frontend Engineer,Senior,Frontend Engineer,Senior,current_profile,SK_LEADERSHIP,Leadership,soft,leadership,1,2,1,False
E0121,Daniyar Sarsenbayev,Data Analyst,Middle,Product Manager,Middle,career_goal,SK_PRODUCT_DISCOVERY,Product Discovery,hard,product,0,3,3,True
E0121,Daniyar Sarsenbayev,Data Analyst,Middle,Product Manager,Middle,career_goal,SK_ROADMAPPING,Roadmapping & Prioritization,hard,product,0,2,2,False
E0121,Daniyar Sarsenbayev,Data Analyst,Middle,Product Manager,Middle,career_goal,SK_PRODUCT_ANALYTICS,Product Analytics,hard,product,0,3,3,True
E0121,Daniyar Sarsenbayev,Data Analyst,Middle,Product Manager,Middle,career_goal,SK_UX_RESEARCH,UX Research,hard,product,0,2,2,False
E0121,Daniyar Sarsenbayev,Data Analyst,Middle,Product Manager,Middle,career_goal,SK_REQUIREMENTS,Requirements Writing,hard,product,0,3,3,False
E0121,Daniyar Sarsenbayev,Data Analyst,Middle,Product Manager,Middle,career_goal,SK_AGILE,Agile Practices,hard,product,0,3,3,False
E0121,Daniyar Sarsenbayev,Data Analyst,Middle,Product Manager,Middle,career_goal,SK_PROJECT_MGMT,Project Management,hard,product,0,2,2,False
E0121,Daniyar Sarsenbayev,Data Analyst,Middle,Product Manager,Middle,career_goal,SK_STAKEHOLDER_MGMT,Stakeholder Management,soft,communication,2,3,1,False
E0121,Daniyar Sarsenbayev,Data Analyst,Middle,Product Manager,Middle,career_goal,SK_PUBLIC_SPEAKING,Public Speaking,soft,communication,1,2,1,False
E0121,Daniyar Sarsenbayev,Data Analyst,Middle,Product Manager,Middle,career_goal,SK_LEADERSHIP,Leadership,soft,leadership,0,1,1,False
E0122,Elena Sokolova,Frontend Engineer,Senior,Frontend Engineer,Lead,career_goal,SK_JAVASCRIPT,JavaScript,hard,frontend,3,4,1,False
E0122,Elena Sokolova,Frontend Engineer,Senior,Frontend Engineer,Lead,career_goal,SK_TYPESCRIPT,TypeScript,hard,frontend,3,4,1,False
E0122,Elena Sokolova,Frontend Engineer,Senior,Frontend Engineer,Lead,career_goal,SK_ACCESSIBILITY,Web Accessibility,hard,frontend,2,4,2,False
E0122,Elena Sokolova,Frontend Engineer,Senior,Frontend Engineer,Lead,career_goal,SK_API_DESIGN,API Design,hard,engineering,0,3,3,False
E0122,Elena Sokolova,Frontend Engineer,Senior,Frontend Engineer,Lead,career_goal,SK_COMMUNICATION,Communication,soft,communication,3,4,1,False
E0122,Elena Sokolova,Frontend Engineer,Senior,Frontend Engineer,Lead,career_goal,SK_TEAMWORK,Teamwork,soft,collaboration,3,4,1,False
E0122,Elena Sokolova,Frontend Engineer,Senior,Frontend Engineer,Lead,career_goal,SK_MENTORING,Mentoring,soft,leadership,3,4,1,True
E0122,Elena Sokolova,Frontend Engineer,Senior,Frontend Engineer,Lead,career_goal,SK_LEADERSHIP,Leadership,soft,leadership,1,4,3,True
E0122,Elena Sokolova,Frontend Engineer,Senior,Frontend Engineer,Lead,career_goal,SK_STAKEHOLDER_MGMT,Stakeholder Management,soft,communication,3,4,1,False
E0122,Elena Sokolova,Frontend Engineer,Senior,Frontend Engineer,Lead,career_goal,SK_PUBLIC_SPEAKING,Public Speaking,soft,communication,1,3,2,False
E0123,Togzhan Baimukhanova,Frontend Engineer,Senior,Frontend Engineer,Lead,career_goal,SK_HTML_CSS,HTML & CSS,hard,frontend,3,4,1,False
E0123,Togzhan Baimukhanova,Frontend Engineer,Senior,Frontend Engineer,Lead,career_goal,SK_ACCESSIBILITY,Web Accessibility,hard,frontend,2,4,2,False
E0123,Togzhan Baimukhanova,Frontend Engineer,Senior,Frontend Engineer,Lead,career_goal,SK_API_DESIGN,API Design,hard,engineering,2,3,1,False
E0123,Togzhan Baimukhanova,Frontend Engineer,Senior,Frontend Engineer,Lead,career_goal,SK_TEAMWORK,Teamwork,soft,collaboration,3,4,1,False
E0123,Togzhan Baimukhanova,Frontend Engineer,Senior,Frontend Engineer,Lead,career_goal,SK_MENTORING,Mentoring,soft,leadership,3,4,1,True
E0123,Togzhan Baimukhanova,Frontend Engineer,Senior,Frontend Engineer,Lead,career_goal,SK_LEADERSHIP,Leadership,soft,leadership,0,4,4,True
E0123,Togzhan Baimukhanova,Frontend Engineer,Senior,Frontend Engineer,Lead,career_goal,SK_STAKEHOLDER_MGMT,Stakeholder Management,soft,communication,1,4,3,False
E0124,Ivan Sokolov,Data Analyst,Middle,Data Analyst,Senior,career_goal,SK_PYTHON,Python,hard,engineering,1,3,2,False
E0124,Ivan Sokolov,Data Analyst,Middle,Data Analyst,Senior,career_goal,SK_STATISTICS,Statistics,hard,data,2,4,2,True
E0124,Ivan Sokolov,Data Analyst,Middle,Data Analyst,Senior,career_goal,SK_AB_TESTING,A/B Testing,hard,data,1,4,3,True
E0124,Ivan Sokolov,Data Analyst,Middle,Data Analyst,Senior,career_goal,SK_DATA_VIZ,Data Visualization,hard,data,3,4,1,False
E0124,Ivan Sokolov,Data Analyst,Middle,Data Analyst,Senior,career_goal,SK_DATA_MODELING,Data Modeling,hard,data,2,3,1,False
E0124,Ivan Sokolov,Data Analyst,Middle,Data Analyst,Senior,career_goal,SK_ML_BASICS,Machine Learning Fundamentals,hard,data,0,2,2,False
E0124,Ivan Sokolov,Data Analyst,Middle,Data Analyst,Senior,career_goal,SK_PRODUCT_ANALYTICS,Product Analytics,hard,product,1,3,2,False
E0124,Ivan Sokolov,Data Analyst,Middle,Data Analyst,Senior,career_goal,SK_CRITICAL_THINKING,Critical Thinking,soft,thinking,3,4,1,False
E0124,Ivan Sokolov,Data Analyst,Middle,Data Analyst,Senior,career_goal,SK_MENTORING,Mentoring,soft,leadership,0,2,2,False
E0125,Saule Temirkhanova,Sales Manager,Middle,Sales Manager,Senior,career_goal,SK_PROSPECTING,Prospecting,hard,sales,1,4,3,False
E0125,Saule Temirkhanova,Sales Manager,Middle,Sales Manager,Senior,career_goal,SK_NEGOTIATION,Negotiation,hard,sales,3,4,1,True
E0125,Saule Temirkhanova,Sales Manager,Middle,Sales Manager,Senior,career_goal,SK_ACCOUNT_MGMT,Account Management,hard,sales,2,4,2,True
E0125,Saule Temirkhanova,Sales Manager,Middle,Sales Manager,Senior,career_goal,SK_PRODUCT_KNOWLEDGE,Product Knowledge,hard,sales,2,4,2,False
E0125,Saule Temirkhanova,Sales Manager,Middle,Sales Manager,Senior,career_goal,SK_COMMUNICATION,Communication,soft,communication,3,4,1,False
E0125,Saule Temirkhanova,Sales Manager,Middle,Sales Manager,Senior,career_goal,SK_PUBLIC_SPEAKING,Public Speaking,soft,communication,1,3,2,False
E0125,Saule Temirkhanova,Sales Manager,Middle,Sales Manager,Senior,career_goal,SK_STAKEHOLDER_MGMT,Stakeholder Management,soft,communication,2,3,1,False
E0125,Saule Temirkhanova,Sales Manager,Middle,Sales Manager,Senior,career_goal,SK_ADAPTABILITY,Adaptability,soft,personal_effectiveness,2,3,1,False
E0125,Saule Temirkhanova,Sales Manager,Middle,Sales Manager,Senior,career_goal,SK_LEADERSHIP,Leadership,soft,leadership,1,2,1,False
E0125,Saule Temirkhanova,Sales Manager,Middle,Sales Manager,Senior,career_goal,SK_MENTORING,Mentoring,soft,leadership,1,2,1,False
E0126,Serik Utepov,QA Engineer,Junior,QA Engineer,Middle,career_goal,SK_TEST_DESIGN,Test Design,hard,quality,1,3,2,False
E0126,Serik Utepov,QA Engineer,Junior,QA Engineer,Middle,career_goal,SK_TEST_AUTOMATION,Test Automation,hard,quality,1,2,1,False
E0126,Serik Utepov,QA Engineer,Junior,QA Engineer,Middle,career_goal,SK_API_TESTING,API Testing,hard,quality,1,3,2,True
E0126,Serik Utepov,QA Engineer,Junior,QA Engineer,Middle,career_goal,SK_LOAD_TESTING,Load Testing,hard,quality,0,1,1,False
E0126,Serik Utepov,QA Engineer,Junior,QA Engineer,Middle,career_goal,SK_JAVA,Java,hard,engineering,0,2,2,False
E0126,Serik Utepov,QA Engineer,Junior,QA Engineer,Middle,career_goal,SK_SQL,SQL,hard,engineering,0,2,2,False
E0126,Serik Utepov,QA Engineer,Junior,QA Engineer,Middle,career_goal,SK_COMMUNICATION,Communication,soft,communication,0,3,3,False
E0126,Serik Utepov,QA Engineer,Junior,QA Engineer,Middle,career_goal,SK_TEAMWORK,Teamwork,soft,collaboration,0,3,3,False
E0126,Serik Utepov,QA Engineer,Junior,QA Engineer,Middle,career_goal,SK_CRITICAL_THINKING,Critical Thinking,soft,thinking,2,3,1,False
E0127,Zarina Sadykova,Backend Engineer,Middle,Backend Engineer,Middle,current_profile,SK_SQL,SQL,hard,engineering,2,3,1,False
E0127,Zarina Sadykova,Backend Engineer,Middle,Backend Engineer,Middle,current_profile,SK_API_DESIGN,API Design,hard,engineering,2,3,1,True
E0127,Zarina Sadykova,Backend Engineer,Middle,Backend Engineer,Middle,current_profile,SK_OBSERVABILITY,Observability,hard,engineering,1,2,1,False
E0127,Zarina Sadykova,Backend Engineer,Middle,Backend Engineer,Middle,current_profile,SK_TEAMWORK,Teamwork,soft,collaboration,1,3,2,False
E0127,Zarina Sadykova,Backend Engineer,Middle,Backend Engineer,Middle,current_profile,SK_PROBLEM_SOLVING,Problem Solving,soft,thinking,2,3,1,False
E0127,Zarina Sadykova,Backend Engineer,Middle,Backend Engineer,Middle,current_profile,SK_PUBLIC_SPEAKING,Public Speaking,soft,communication,0,1,1,False
E0128,Azamat Kaliyev,Backend Engineer,Senior,Backend Engineer,Lead,career_goal,SK_SQL,SQL,hard,engineering,3,4,1,False
E0128,Azamat Kaliyev,Backend Engineer,Senior,Backend Engineer,Lead,career_goal,SK_SYSTEM_DESIGN,System Design,hard,engineering,4,5,1,True
E0128,Azamat Kaliyev,Backend Engineer,Senior,Backend Engineer,Lead,career_goal,SK_CLOUD,Cloud Platforms,hard,engineering,3,4,1,False
E0128,Azamat Kaliyev,Backend Engineer,Senior,Backend Engineer,Lead,career_goal,SK_CONTAINERS,Containers & Orchestration,hard,engineering,2,3,1,False
E0128,Azamat Kaliyev,Backend Engineer,Senior,Backend Engineer,Lead,career_goal,SK_APP_SECURITY,Application Security,hard,engineering,2,4,2,False
E0128,Azamat Kaliyev,Backend Engineer,Senior,Backend Engineer,Lead,career_goal,SK_OBSERVABILITY,Observability,hard,engineering,3,4,1,False
E0128,Azamat Kaliyev,Backend Engineer,Senior,Backend Engineer,Lead,career_goal,SK_COMMUNICATION,Communication,soft,communication,3,4,1,False
E0128,Azamat Kaliyev,Backend Engineer,Senior,Backend Engineer,Lead,career_goal,SK_PROBLEM_SOLVING,Problem Solving,soft,thinking,3,4,1,False
E0128,Azamat Kaliyev,Backend Engineer,Senior,Backend Engineer,Lead,career_goal,SK_MENTORING,Mentoring,soft,leadership,3,4,1,True
E0128,Azamat Kaliyev,Backend Engineer,Senior,Backend Engineer,Lead,career_goal,SK_LEADERSHIP,Leadership,soft,leadership,2,4,2,True
E0128,Azamat Kaliyev,Backend Engineer,Senior,Backend Engineer,Lead,career_goal,SK_STAKEHOLDER_MGMT,Stakeholder Management,soft,communication,1,4,3,False
E0129,Victoria Kuznetsova,Sales Manager,Middle,Sales Manager,Senior,career_goal,SK_PROSPECTING,Prospecting,hard,sales,3,4,1,False
E0129,Victoria Kuznetsova,Sales Manager,Middle,Sales Manager,Senior,career_goal,SK_NEGOTIATION,Negotiation,hard,sales,1,4,3,True
E0129,Victoria Kuznetsova,Sales Manager,Middle,Sales Manager,Senior,career_goal,SK_CRM,CRM Systems,hard,sales,1,3,2,False
E0129,Victoria Kuznetsova,Sales Manager,Middle,Sales Manager,Senior,career_goal,SK_ACCOUNT_MGMT,Account Management,hard,sales,2,4,2,True
E0129,Victoria Kuznetsova,Sales Manager,Middle,Sales Manager,Senior,career_goal,SK_PRODUCT_KNOWLEDGE,Product Knowledge,hard,sales,2,4,2,False
E0129,Victoria Kuznetsova,Sales Manager,Middle,Sales Manager,Senior,career_goal,SK_COMMUNICATION,Communication,soft,communication,3,4,1,False
E0129,Victoria Kuznetsova,Sales Manager,Middle,Sales Manager,Senior,career_goal,SK_PUBLIC_SPEAKING,Public Speaking,soft,communication,2,3,1,False
E0129,Victoria Kuznetsova,Sales Manager,Middle,Sales Manager,Senior,career_goal,SK_STAKEHOLDER_MGMT,Stakeholder Management,soft,communication,0,3,3,False
E0129,Victoria Kuznetsova,Sales Manager,Middle,Sales Manager,Senior,career_goal,SK_ADAPTABILITY,Adaptability,soft,personal_effectiveness,2,3,1,False
E0130,Aigerim Kassymova,QA Engineer,Middle,QA Engineer,Senior,career_goal,SK_TEST_DESIGN,Test Design,hard,quality,3,4,1,False
E0130,Aigerim Kassymova,QA Engineer,Middle,QA Engineer,Senior,career_goal,SK_TEST_AUTOMATION,Test Automation,hard,quality,0,4,4,True
E0130,Aigerim Kassymova,QA Engineer,Middle,QA Engineer,Senior,career_goal,SK_LOAD_TESTING,Load Testing,hard,quality,1,3,2,True
E0130,Aigerim Kassymova,QA Engineer,Middle,QA Engineer,Senior,career_goal,SK_JAVA,Java,hard,engineering,1,3,2,False
E0130,Aigerim Kassymova,QA Engineer,Middle,QA Engineer,Senior,career_goal,SK_SQL,SQL,hard,engineering,2,3,1,False
E0130,Aigerim Kassymova,QA Engineer,Middle,QA Engineer,Senior,career_goal,SK_CICD,CI/CD,hard,engineering,0,3,3,False
E0130,Aigerim Kassymova,QA Engineer,Middle,QA Engineer,Senior,career_goal,SK_CRITICAL_THINKING,Critical Thinking,soft,thinking,3,4,1,False
E0130,Aigerim Kassymova,QA Engineer,Middle,QA Engineer,Senior,career_goal,SK_WRITTEN_COMMUNICATION,Written Communication,soft,communication,2,3,1,False
E0130,Aigerim Kassymova,QA Engineer,Middle,QA Engineer,Senior,career_goal,SK_MENTORING,Mentoring,soft,leadership,1,3,2,False
E0130,Aigerim Kassymova,QA Engineer,Middle,QA Engineer,Senior,career_goal,SK_LEADERSHIP,Leadership,soft,leadership,0,2,2,False
E0131,Serik Kaliyev,HR Business Partner,Middle,HR Business Partner,Senior,career_goal,SK_TALENT_ACQUISITION,Talent Acquisition,hard,hr,2,3,1,False
E0131,Serik Kaliyev,HR Business Partner,Middle,HR Business Partner,Senior,career_goal,SK_EMPLOYEE_RELATIONS,Employee Relations,hard,hr,3,4,1,False
E0131,Serik Kaliyev,HR Business Partner,Middle,HR Business Partner,Senior,career_goal,SK_LABOR_LAW,Labor Law,hard,hr,2,3,1,False
E0131,Serik Kaliyev,HR Business Partner,Middle,HR Business Partner,Senior,career_goal,SK_HR_ANALYTICS,HR Analytics,hard,hr,0,3,3,True
E0131,Serik Kaliyev,HR Business Partner,Middle,HR Business Partner,Senior,career_goal,SK_LEARNING_DESIGN,Learning Program Design,hard,hr,2,3,1,False
E0131,Serik Kaliyev,HR Business Partner,Middle,HR Business Partner,Senior,career_goal,SK_COMPENSATION,Compensation & Benefits,hard,hr,2,3,1,False
E0131,Serik Kaliyev,HR Business Partner,Middle,HR Business Partner,Senior,career_goal,SK_COMMUNICATION,Communication,soft,communication,3,4,1,False
E0131,Serik Kaliyev,HR Business Partner,Middle,HR Business Partner,Senior,career_goal,SK_EMOTIONAL_INTELLIGENCE,Emotional Intelligence,soft,collaboration,3,4,1,False
E0131,Serik Kaliyev,HR Business Partner,Middle,HR Business Partner,Senior,career_goal,SK_CONFLICT_RESOLUTION,Conflict Resolution,soft,leadership,2,4,2,True
E0131,Serik Kaliyev,HR Business Partner,Middle,HR Business Partner,Senior,career_goal,SK_STAKEHOLDER_MGMT,Stakeholder Management,soft,communication,2,3,1,False
E0131,Serik Kaliyev,HR Business Partner,Middle,HR Business Partner,Senior,career_goal,SK_PUBLIC_SPEAKING,Public Speaking,soft,communication,1,3,2,False
E0131,Serik Kaliyev,HR Business Partner,Middle,HR Business Partner,Senior,career_goal,SK_LEADERSHIP,Leadership,soft,leadership,1,2,1,False
E0131,Serik Kaliyev,HR Business Partner,Middle,HR Business Partner,Senior,career_goal,SK_MENTORING,Mentoring,soft,leadership,0,2,2,False
E0132,Daniyar Tulegenov,Data Analyst,Senior,Data Analyst,Senior,current_profile,SK_SQL,SQL,hard,engineering,3,4,1,False
E0132,Daniyar Tulegenov,Data Analyst,Senior,Data Analyst,Senior,current_profile,SK_STATISTICS,Statistics,hard,data,3,4,1,True
E0132,Daniyar Tulegenov,Data Analyst,Senior,Data Analyst,Senior,current_profile,SK_AB_TESTING,A/B Testing,hard,data,2,4,2,True
E0132,Daniyar Tulegenov,Data Analyst,Senior,Data Analyst,Senior,current_profile,SK_DATA_MODELING,Data Modeling,hard,data,2,3,1,False
E0132,Daniyar Tulegenov,Data Analyst,Senior,Data Analyst,Senior,current_profile,SK_ML_BASICS,Machine Learning Fundamentals,hard,data,1,2,1,False
E0132,Daniyar Tulegenov,Data Analyst,Senior,Data Analyst,Senior,current_profile,SK_PRODUCT_ANALYTICS,Product Analytics,hard,product,2,3,1,False
E0132,Daniyar Tulegenov,Data Analyst,Senior,Data Analyst,Senior,current_profile,SK_COMMUNICATION,Communication,soft,communication,3,4,1,False
E0132,Daniyar Tulegenov,Data Analyst,Senior,Data Analyst,Senior,current_profile,SK_CRITICAL_THINKING,Critical Thinking,soft,thinking,3,4,1,False
E0132,Daniyar Tulegenov,Data Analyst,Senior,Data Analyst,Senior,current_profile,SK_STAKEHOLDER_MGMT,Stakeholder Management,soft,communication,2,3,1,False
E0132,Daniyar Tulegenov,Data Analyst,Senior,Data Analyst,Senior,current_profile,SK_MENTORING,Mentoring,soft,leadership,1,2,1,False
E0132,Daniyar Tulegenov,Data Analyst,Senior,Data Analyst,Senior,current_profile,SK_LEADERSHIP,Leadership,soft,leadership,1,2,1,False
E0133,Saule Sarsenbayeva,HR Business Partner,Lead,HR Business Partner,Lead,current_profile,SK_LABOR_LAW,Labor Law,hard,hr,3,4,1,False
E0133,Saule Sarsenbayeva,HR Business Partner,Lead,HR Business Partner,Lead,current_profile,SK_COMPENSATION,Compensation & Benefits,hard,hr,3,4,1,False
E0133,Saule Sarsenbayeva,HR Business Partner,Lead,HR Business Partner,Lead,current_profile,SK_COMMUNICATION,Communication,soft,communication,4,5,1,False
E0133,Saule Sarsenbayeva,HR Business Partner,Lead,HR Business Partner,Lead,current_profile,SK_EMOTIONAL_INTELLIGENCE,Emotional Intelligence,soft,collaboration,4,5,1,False
E0133,Saule Sarsenbayeva,HR Business Partner,Lead,HR Business Partner,Lead,current_profile,SK_FEEDBACK,Feedback,soft,leadership,3,4,1,False
E0134,Maxim Popov,Product Manager,Middle,Product Manager,Middle,current_profile,SK_PRODUCT_ANALYTICS,Product Analytics,hard,product,2,3,1,True
E0134,Maxim Popov,Product Manager,Middle,Product Manager,Middle,current_profile,SK_AGILE,Agile Practices,hard,product,1,3,2,False
E0134,Maxim Popov,Product Manager,Middle,Product Manager,Middle,current_profile,SK_SQL,SQL,hard,engineering,0,1,1,False
E0134,Maxim Popov,Product Manager,Middle,Product Manager,Middle,current_profile,SK_AB_TESTING,A/B Testing,hard,data,0,1,1,False
E0134,Maxim Popov,Product Manager,Middle,Product Manager,Middle,current_profile,SK_COMMUNICATION,Communication,soft,communication,2,3,1,False
E0134,Maxim Popov,Product Manager,Middle,Product Manager,Middle,current_profile,SK_PUBLIC_SPEAKING,Public Speaking,soft,communication,1,2,1,False
E0134,Maxim Popov,Product Manager,Middle,Product Manager,Middle,current_profile,SK_CRITICAL_THINKING,Critical Thinking,soft,thinking,1,3,2,False
E0134,Maxim Popov,Product Manager,Middle,Product Manager,Middle,current_profile,SK_LEADERSHIP,Leadership,soft,leadership,0,1,1,False
E0135,Marat Sarsenbayev,Backend Engineer,Junior,Data Analyst,Junior,career_goal,SK_STATISTICS,Statistics,hard,data,0,1,1,False
E0135,Marat Sarsenbayev,Backend Engineer,Junior,Data Analyst,Junior,career_goal,SK_DATA_VIZ,Data Visualization,hard,data,0,2,2,False
E0135,Marat Sarsenbayev,Backend Engineer,Junior,Data Analyst,Junior,career_goal,SK_BI_TOOLS,BI Tools,hard,data,0,2,2,False
E0135,Marat Sarsenbayev,Backend Engineer,Junior,Data Analyst,Junior,career_goal,SK_COMMUNICATION,Communication,soft,communication,0,2,2,False
E0136,Rustem Sarsenbayev,Backend Engineer,Senior,Backend Engineer,Senior,current_profile,SK_CONTAINERS,Containers & Orchestration,hard,engineering,2,3,1,False
E0136,Rustem Sarsenbayev,Backend Engineer,Senior,Backend Engineer,Senior,current_profile,SK_OBSERVABILITY,Observability,hard,engineering,1,3,2,False
E0136,Rustem Sarsenbayev,Backend Engineer,Senior,Backend Engineer,Senior,current_profile,SK_PROBLEM_SOLVING,Problem Solving,soft,thinking,3,4,1,False
E0136,Rustem Sarsenbayev,Backend Engineer,Senior,Backend Engineer,Senior,current_profile,SK_MENTORING,Mentoring,soft,leadership,2,3,1,False
E0136,Rustem Sarsenbayev,Backend Engineer,Senior,Backend Engineer,Senior,current_profile,SK_PUBLIC_SPEAKING,Public Speaking,soft,communication,1,2,1,False
E0137,Natalia Sokolova,Backend Engineer,Middle,Backend Engineer,Middle,current_profile,SK_CLOUD,Cloud Platforms,hard,engineering,0,2,2,False
E0137,Natalia Sokolova,Backend Engineer,Middle,Backend Engineer,Middle,current_profile,SK_CICD,CI/CD,hard,engineering,1,2,1,False
E0137,Natalia Sokolova,Backend Engineer,Middle,Backend Engineer,Middle,current_profile,SK_TEAMWORK,Teamwork,soft,collaboration,2,3,1,False
E0137,Natalia Sokolova,Backend Engineer,Middle,Backend Engineer,Middle,current_profile,SK_PROBLEM_SOLVING,Problem Solving,soft,thinking,2,3,1,False
E0137,Natalia Sokolova,Backend Engineer,Middle,Backend Engineer,Middle,current_profile,SK_PUBLIC_SPEAKING,Public Speaking,soft,communication,0,1,1,False
E0138,Dmitry Petrov,Sales Manager,Senior,Sales Manager,Lead,career_goal,SK_NEGOTIATION,Negotiation,hard,sales,4,5,1,False
E0138,Dmitry Petrov,Sales Manager,Senior,Sales Manager,Lead,career_goal,SK_CRM,CRM Systems,hard,sales,1,4,3,False
E0138,Dmitry Petrov,Sales Manager,Senior,Sales Manager,Lead,career_goal,SK_PRODUCT_KNOWLEDGE,Product Knowledge,hard,sales,3,4,1,False
E0138,Dmitry Petrov,Sales Manager,Senior,Sales Manager,Lead,career_goal,SK_COMMUNICATION,Communication,soft,communication,4,5,1,False
E0138,Dmitry Petrov,Sales Manager,Senior,Sales Manager,Lead,career_goal,SK_PUBLIC_SPEAKING,Public Speaking,soft,communication,3,4,1,False
E0138,Dmitry Petrov,Sales Manager,Senior,Sales Manager,Lead,career_goal,SK_EMOTIONAL_INTELLIGENCE,Emotional Intelligence,soft,collaboration,2,4,2,False
E0138,Dmitry Petrov,Sales Manager,Senior,Sales Manager,Lead,career_goal,SK_TIME_MANAGEMENT,Time Management,soft,personal_effectiveness,3,4,1,False
E0138,Dmitry Petrov,Sales Manager,Senior,Sales Manager,Lead,career_goal,SK_LEADERSHIP,Leadership,soft,leadership,3,4,1,True
E0138,Dmitry Petrov,Sales Manager,Senior,Sales Manager,Lead,career_goal,SK_MENTORING,Mentoring,soft,leadership,2,4,2,True
E0139,Sergey Novikov,Customer Support Specialist,Senior,Customer Support Specialist,Lead,career_goal,SK_TROUBLESHOOTING,Technical Troubleshooting,hard,support,3,4,1,False
E0139,Sergey Novikov,Customer Support Specialist,Senior,Customer Support Specialist,Lead,career_goal,SK_PRODUCT_KNOWLEDGE,Product Knowledge,hard,sales,3,4,1,False
E0139,Sergey Novikov,Customer Support Specialist,Senior,Customer Support Specialist,Lead,career_goal,SK_CRM,CRM Systems,hard,sales,2,3,1,False
E0139,Sergey Novikov,Customer Support Specialist,Senior,Customer Support Specialist,Lead,career_goal,SK_WRITTEN_COMMUNICATION,Written Communication,soft,communication,1,4,3,False
E0139,Sergey Novikov,Customer Support Specialist,Senior,Customer Support Specialist,Lead,career_goal,SK_CONFLICT_RESOLUTION,Conflict Resolution,soft,leadership,3,4,1,False
E0139,Sergey Novikov,Customer Support Specialist,Senior,Customer Support Specialist,Lead,career_goal,SK_EMOTIONAL_INTELLIGENCE,Emotional Intelligence,soft,collaboration,3,4,1,False
E0139,Sergey Novikov,Customer Support Specialist,Senior,Customer Support Specialist,Lead,career_goal,SK_TIME_MANAGEMENT,Time Management,soft,personal_effectiveness,3,4,1,False
E0139,Sergey Novikov,Customer Support Specialist,Senior,Customer Support Specialist,Lead,career_goal,SK_PROBLEM_SOLVING,Problem Solving,soft,thinking,3,4,1,False
E0139,Sergey Novikov,Customer Support Specialist,Senior,Customer Support Specialist,Lead,career_goal,SK_MENTORING,Mentoring,soft,leadership,1,4,3,False
E0139,Sergey Novikov,Customer Support Specialist,Senior,Customer Support Specialist,Lead,career_goal,SK_LEADERSHIP,Leadership,soft,leadership,0,4,4,True
E0139,Sergey Novikov,Customer Support Specialist,Senior,Customer Support Specialist,Lead,career_goal,SK_FEEDBACK,Feedback,soft,leadership,2,3,1,True
E0140,Aruzhan Dzhakupova,Backend Engineer,Middle,Backend Engineer,Senior,career_goal,SK_PYTHON,Python,hard,engineering,1,4,3,False
E0140,Aruzhan Dzhakupova,Backend Engineer,Middle,Backend Engineer,Senior,career_goal,SK_SQL,SQL,hard,engineering,2,4,2,False
E0140,Aruzhan Dzhakupova,Backend Engineer,Middle,Backend Engineer,Senior,career_goal,SK_API_DESIGN,API Design,hard,engineering,3,4,1,True
E0140,Aruzhan Dzhakupova,Backend Engineer,Middle,Backend Engineer,Senior,career_goal,SK_SYSTEM_DESIGN,System Design,hard,engineering,2,4,2,True
E0140,Aruzhan Dzhakupova,Backend Engineer,Middle,Backend Engineer,Senior,career_goal,SK_CLOUD,Cloud Platforms,hard,engineering,0,3,3,False
E0140,Aruzhan Dzhakupova,Backend Engineer,Middle,Backend Engineer,Senior,career_goal,SK_CONTAINERS,Containers & Orchestration,hard,engineering,1,3,2,False
E0140,Aruzhan Dzhakupova,Backend Engineer,Middle,Backend Engineer,Senior,career_goal,SK_APP_SECURITY,Application Security,hard,engineering,2,3,1,False
E0140,Aruzhan Dzhakupova,Backend Engineer,Middle,Backend Engineer,Senior,career_goal,SK_OBSERVABILITY,Observability,hard,engineering,1,3,2,False
E0140,Aruzhan Dzhakupova,Backend Engineer,Middle,Backend Engineer,Senior,career_goal,SK_PROBLEM_SOLVING,Problem Solving,soft,thinking,3,4,1,False
E0140,Aruzhan Dzhakupova,Backend Engineer,Middle,Backend Engineer,Senior,career_goal,SK_MENTORING,Mentoring,soft,leadership,0,3,3,False
E0141,Kanat Nurlanov,Frontend Engineer,Junior,Product Manager,Junior,career_goal,SK_PRODUCT_DISCOVERY,Product Discovery,hard,product,0,1,1,False
E0141,Kanat Nurlanov,Frontend Engineer,Junior,Product Manager,Junior,career_goal,SK_ROADMAPPING,Roadmapping & Prioritization,hard,product,0,1,1,False
E0141,Kanat Nurlanov,Frontend Engineer,Junior,Product Manager,Junior,career_goal,SK_PRODUCT_ANALYTICS,Product Analytics,hard,product,0,1,1,False
E0141,Kanat Nurlanov,Frontend Engineer,Junior,Product Manager,Junior,career_goal,SK_UX_RESEARCH,UX Research,hard,product,0,1,1,False
E0141,Kanat Nurlanov,Frontend Engineer,Junior,Product Manager,Junior,career_goal,SK_REQUIREMENTS,Requirements Writing,hard,product,0,2,2,True
E0141,Kanat Nurlanov,Frontend Engineer,Junior,Product Manager,Junior,career_goal,SK_AGILE,Agile Practices,hard,product,0,2,2,False
E0141,Kanat Nurlanov,Frontend Engineer,Junior,Product Manager,Junior,career_goal,SK_PROJECT_MGMT,Project Management,hard,product,0,1,1,False
E0141,Kanat Nurlanov,Frontend Engineer,Junior,Product Manager,Junior,career_goal,SK_COMMUNICATION,Communication,soft,communication,1,3,2,False
E0141,Kanat Nurlanov,Frontend Engineer,Junior,Product Manager,Junior,career_goal,SK_STAKEHOLDER_MGMT,Stakeholder Management,soft,communication,0,1,1,False
E0142,Alibek Abenov,Sales Manager,Middle,Sales Manager,Senior,career_goal,SK_NEGOTIATION,Negotiation,hard,sales,1,4,3,True
E0142,Alibek Abenov,Sales Manager,Middle,Sales Manager,Senior,career_goal,SK_ACCOUNT_MGMT,Account Management,hard,sales,0,4,4,True
E0142,Alibek Abenov,Sales Manager,Middle,Sales Manager,Senior,career_goal,SK_PRODUCT_KNOWLEDGE,Product Knowledge,hard,sales,2,4,2,False
E0142,Alibek Abenov,Sales Manager,Middle,Sales Manager,Senior,career_goal,SK_COMMUNICATION,Communication,soft,communication,3,4,1,False
E0142,Alibek Abenov,Sales Manager,Middle,Sales Manager,Senior,career_goal,SK_PUBLIC_SPEAKING,Public Speaking,soft,communication,1,3,2,False
E0142,Alibek Abenov,Sales Manager,Middle,Sales Manager,Senior,career_goal,SK_STAKEHOLDER_MGMT,Stakeholder Management,soft,communication,0,3,3,False
E0142,Alibek Abenov,Sales Manager,Middle,Sales Manager,Senior,career_goal,SK_TIME_MANAGEMENT,Time Management,soft,personal_effectiveness,1,3,2,False
E0142,Alibek Abenov,Sales Manager,Middle,Sales Manager,Senior,career_goal,SK_ADAPTABILITY,Adaptability,soft,personal_effectiveness,1,3,2,False
E0142,Alibek Abenov,Sales Manager,Middle,Sales Manager,Senior,career_goal,SK_MENTORING,Mentoring,soft,leadership,0,2,2,False
E0143,Maria Lebedeva,Customer Support Specialist,Middle,Customer Support Specialist,Middle,current_profile,SK_CUSTOMER_SERVICE,Customer Service,hard,support,2,3,1,False
E0143,Maria Lebedeva,Customer Support Specialist,Middle,Customer Support Specialist,Middle,current_profile,SK_PRODUCT_KNOWLEDGE,Product Knowledge,hard,sales,2,3,1,False
E0143,Maria Lebedeva,Customer Support Specialist,Middle,Customer Support Specialist,Middle,current_profile,SK_CRM,CRM Systems,hard,sales,0,2,2,False
E0144,Botagoz Ismailova,Customer Support Specialist,Junior,Customer Support Specialist,Middle,career_goal,SK_CUSTOMER_SERVICE,Customer Service,hard,support,0,3,3,False
E0144,Botagoz Ismailova,Customer Support Specialist,Junior,Customer Support Specialist,Middle,career_goal,SK_TROUBLESHOOTING,Technical Troubleshooting,hard,support,0,2,2,True
E0144,Botagoz Ismailova,Customer Support Specialist,Junior,Customer Support Specialist,Middle,career_goal,SK_PRODUCT_KNOWLEDGE,Product Knowledge,hard,sales,2,3,1,False
E0144,Botagoz Ismailova,Customer Support Specialist,Junior,Customer Support Specialist,Middle,career_goal,SK_COMMUNICATION,Communication,soft,communication,1,3,2,False
E0144,Botagoz Ismailova,Customer Support Specialist,Junior,Customer Support Specialist,Middle,career_goal,SK_CONFLICT_RESOLUTION,Conflict Resolution,soft,leadership,1,2,1,True
E0144,Botagoz Ismailova,Customer Support Specialist,Junior,Customer Support Specialist,Middle,career_goal,SK_EMOTIONAL_INTELLIGENCE,Emotional Intelligence,soft,collaboration,1,3,2,False
E0144,Botagoz Ismailova,Customer Support Specialist,Junior,Customer Support Specialist,Middle,career_goal,SK_TIME_MANAGEMENT,Time Management,soft,personal_effectiveness,1,3,2,False
E0144,Botagoz Ismailova,Customer Support Specialist,Junior,Customer Support Specialist,Middle,career_goal,SK_PROBLEM_SOLVING,Problem Solving,soft,thinking,0,2,2,False
E0145,Roman Novikov,QA Engineer,Senior,QA Engineer,Lead,career_goal,SK_LOAD_TESTING,Load Testing,hard,quality,3,4,1,False
E0145,Roman Novikov,QA Engineer,Senior,QA Engineer,Lead,career_goal,SK_SQL,SQL,hard,engineering,2,3,1,False
E0145,Roman Novikov,QA Engineer,Senior,QA Engineer,Lead,career_goal,SK_CICD,CI/CD,hard,engineering,2,3,1,False
E0145,Roman Novikov,QA Engineer,Senior,QA Engineer,Lead,career_goal,SK_COMMUNICATION,Communication,soft,communication,1,4,3,False
E0145,Roman Novikov,QA Engineer,Senior,QA Engineer,Lead,career_goal,SK_TEAMWORK,Teamwork,soft,collaboration,1,4,3,False
E0145,Roman Novikov,QA Engineer,Senior,QA Engineer,Lead,career_goal,SK_WRITTEN_COMMUNICATION,Written Communication,soft,communication,2,4,2,False
E0145,Roman Novikov,QA Engineer,Senior,QA Engineer,Lead,career_goal,SK_MENTORING,Mentoring,soft,leadership,2,4,2,True
E0145,Roman Novikov,QA Engineer,Senior,QA Engineer,Lead,career_goal,SK_LEADERSHIP,Leadership,soft,leadership,1,4,3,True
E0146,Alibek Zhumabekov,Data Analyst,Junior,Data Analyst,Junior,current_profile,SK_BI_TOOLS,BI Tools,hard,data,0,2,2,False
E0147,Ainur Dzhakupova,Frontend Engineer,Middle,Frontend Engineer,Senior,career_goal,SK_REACT,React,hard,frontend,2,4,2,False
E0147,Ainur Dzhakupova,Frontend Engineer,Middle,Frontend Engineer,Senior,career_goal,SK_WEB_PERFORMANCE,Web Performance,hard,frontend,1,4,3,True
E0147,Ainur Dzhakupova,Frontend Engineer,Middle,Frontend Engineer,Senior,career_goal,SK_ACCESSIBILITY,Web Accessibility,hard,frontend,2,3,1,False
E0147,Ainur Dzhakupova,Frontend Engineer,Middle,Frontend Engineer,Senior,career_goal,SK_PROBLEM_SOLVING,Problem Solving,soft,thinking,3,4,1,False
E0147,Ainur Dzhakupova,Frontend Engineer,Middle,Frontend Engineer,Senior,career_goal,SK_MENTORING,Mentoring,soft,leadership,1,3,2,False
E0147,Ainur Dzhakupova,Frontend Engineer,Middle,Frontend Engineer,Senior,career_goal,SK_LEADERSHIP,Leadership,soft,leadership,1,2,1,False
E0148,Madina Abenova,Sales Manager,Lead,Sales Manager,Lead,current_profile,SK_ACCOUNT_MGMT,Account Management,hard,sales,3,4,1,False
E0148,Madina Abenova,Sales Manager,Lead,Sales Manager,Lead,current_profile,SK_EMOTIONAL_INTELLIGENCE,Emotional Intelligence,soft,collaboration,2,4,2,False
E0148,Madina Abenova,Sales Manager,Lead,Sales Manager,Lead,current_profile,SK_LEADERSHIP,Leadership,soft,leadership,3,4,1,True
E0149,Kirill Popov,Sales Manager,Middle,Sales Manager,Middle,current_profile,SK_PROSPECTING,Prospecting,hard,sales,1,3,2,True
E0149,Kirill Popov,Sales Manager,Middle,Sales Manager,Middle,current_profile,SK_CRM,CRM Systems,hard,sales,2,3,1,False
E0149,Kirill Popov,Sales Manager,Middle,Sales Manager,Middle,current_profile,SK_ACCOUNT_MGMT,Account Management,hard,sales,1,2,1,False
E0149,Kirill Popov,Sales Manager,Middle,Sales Manager,Middle,current_profile,SK_PRODUCT_KNOWLEDGE,Product Knowledge,hard,sales,1,3,2,False
E0149,Kirill Popov,Sales Manager,Middle,Sales Manager,Middle,current_profile,SK_PUBLIC_SPEAKING,Public Speaking,soft,communication,1,2,1,False
E0149,Kirill Popov,Sales Manager,Middle,Sales Manager,Middle,current_profile,SK_STAKEHOLDER_MGMT,Stakeholder Management,soft,communication,1,2,1,False
E0150,Daria Kozlova,Backend Engineer,Middle,Backend Engineer,Senior,career_goal,SK_PYTHON,Python,hard,engineering,2,4,2,False
E0150,Daria Kozlova,Backend Engineer,Middle,Backend Engineer,Senior,career_goal,SK_SYSTEM_DESIGN,System Design,hard,engineering,2,4,2,True
E0150,Daria Kozlova,Backend Engineer,Middle,Backend Engineer,Senior,career_goal,SK_CLOUD,Cloud Platforms,hard,engineering,2,3,1,False
E0150,Daria Kozlova,Backend Engineer,Middle,Backend Engineer,Senior,career_goal,SK_CONTAINERS,Containers & Orchestration,hard,engineering,1,3,2,False
E0150,Daria Kozlova,Backend Engineer,Middle,Backend Engineer,Senior,career_goal,SK_CICD,CI/CD,hard,engineering,2,3,1,False
E0150,Daria Kozlova,Backend Engineer,Middle,Backend Engineer,Senior,career_goal,SK_APP_SECURITY,Application Security,hard,engineering,2,3,1,False
E0150,Daria Kozlova,Backend Engineer,Middle,Backend Engineer,Senior,career_goal,SK_OBSERVABILITY,Observability,hard,engineering,1,3,2,False
E0150,Daria Kozlova,Backend Engineer,Middle,Backend Engineer,Senior,career_goal,SK_COMMUNICATION,Communication,soft,communication,2,3,1,False
E0150,Daria Kozlova,Backend Engineer,Middle,Backend Engineer,Senior,career_goal,SK_PROBLEM_SOLVING,Problem Solving,soft,thinking,3,4,1,False
E0150,Daria Kozlova,Backend Engineer,Middle,Backend Engineer,Senior,career_goal,SK_MENTORING,Mentoring,soft,leadership,1,3,2,False
E0150,Daria Kozlova,Backend Engineer,Middle,Backend Engineer,Senior,career_goal,SK_LEADERSHIP,Leadership,soft,leadership,1,2,1,False
E0150,Daria Kozlova,Backend Engineer,Middle,Backend Engineer,Senior,career_goal,SK_STAKEHOLDER_MGMT,Stakeholder Management,soft,communication,0,2,2,False
E0150,Daria Kozlova,Backend Engineer,Middle,Backend Engineer,Senior,career_goal,SK_PUBLIC_SPEAKING,Public Speaking,soft,communication,1,2,1,False
E0151,Daniyar Ismailov,HR Business Partner,Junior,HR Business Partner,Junior,current_profile,SK_TALENT_ACQUISITION,Talent Acquisition,hard,hr,1,2,1,True
E0151,Daniyar Ismailov,HR Business Partner,Junior,HR Business Partner,Junior,current_profile,SK_EMPLOYEE_RELATIONS,Employee Relations,hard,hr,0,1,1,False
E0151,Daniyar Ismailov,HR Business Partner,Junior,HR Business Partner,Junior,current_profile,SK_LABOR_LAW,Labor Law,hard,hr,0,1,1,False
E0151,Daniyar Ismailov,HR Business Partner,Junior,HR Business Partner,Junior,current_profile,SK_COMMUNICATION,Communication,soft,communication,2,3,1,False
E0151,Daniyar Ismailov,HR Business Partner,Junior,HR Business Partner,Junior,current_profile,SK_CONFLICT_RESOLUTION,Conflict Resolution,soft,leadership,0,1,1,False
E0151,Daniyar Ismailov,HR Business Partner,Junior,HR Business Partner,Junior,current_profile,SK_PUBLIC_SPEAKING,Public Speaking,soft,communication,0,1,1,False
E0152,Ksenia Ivanova,Sales Manager,Junior,Sales Manager,Junior,current_profile,SK_PROSPECTING,Prospecting,hard,sales,1,2,1,False
E0152,Ksenia Ivanova,Sales Manager,Junior,Sales Manager,Junior,current_profile,SK_CRM,CRM Systems,hard,sales,1,2,1,False
E0152,Ksenia Ivanova,Sales Manager,Junior,Sales Manager,Junior,current_profile,SK_ADAPTABILITY,Adaptability,soft,personal_effectiveness,1,2,1,False
E0153,Yerzhan Kaliyev,Sales Manager,Middle,Sales Manager,Senior,career_goal,SK_PROSPECTING,Prospecting,hard,sales,2,4,2,False
E0153,Yerzhan Kaliyev,Sales Manager,Middle,Sales Manager,Senior,career_goal,SK_ACCOUNT_MGMT,Account Management,hard,sales,1,4,3,True
E0153,Yerzhan Kaliyev,Sales Manager,Middle,Sales Manager,Senior,career_goal,SK_PRODUCT_KNOWLEDGE,Product Knowledge,hard,sales,3,4,1,False
E0153,Yerzhan Kaliyev,Sales Manager,Middle,Sales Manager,Senior,career_goal,SK_COMMUNICATION,Communication,soft,communication,2,4,2,False
E0153,Yerzhan Kaliyev,Sales Manager,Middle,Sales Manager,Senior,career_goal,SK_PUBLIC_SPEAKING,Public Speaking,soft,communication,2,3,1,False
E0153,Yerzhan Kaliyev,Sales Manager,Middle,Sales Manager,Senior,career_goal,SK_STAKEHOLDER_MGMT,Stakeholder Management,soft,communication,2,3,1,False
E0153,Yerzhan Kaliyev,Sales Manager,Middle,Sales Manager,Senior,career_goal,SK_TIME_MANAGEMENT,Time Management,soft,personal_effectiveness,1,3,2,False
E0153,Yerzhan Kaliyev,Sales Manager,Middle,Sales Manager,Senior,career_goal,SK_ADAPTABILITY,Adaptability,soft,personal_effectiveness,2,3,1,False
E0153,Yerzhan Kaliyev,Sales Manager,Middle,Sales Manager,Senior,career_goal,SK_LEADERSHIP,Leadership,soft,leadership,1,2,1,False
E0154,Elena Novikova,Frontend Engineer,Middle,Frontend Engineer,Senior,career_goal,SK_JAVASCRIPT,JavaScript,hard,frontend,3,4,1,False
E0154,Elena Novikova,Frontend Engineer,Middle,Frontend Engineer,Senior,career_goal,SK_REACT,React,hard,frontend,2,4,2,False
E0154,Elena Novikova,Frontend Engineer,Middle,Frontend Engineer,Senior,career_goal,SK_HTML_CSS,HTML & CSS,hard,frontend,2,4,2,False
E0154,Elena Novikova,Frontend Engineer,Middle,Frontend Engineer,Senior,career_goal,SK_WEB_PERFORMANCE,Web Performance,hard,frontend,1,4,3,True
E0154,Elena Novikova,Frontend Engineer,Middle,Frontend Engineer,Senior,career_goal,SK_ACCESSIBILITY,Web Accessibility,hard,frontend,2,3,1,False
E0154,Elena Novikova,Frontend Engineer,Middle,Frontend Engineer,Senior,career_goal,SK_API_DESIGN,API Design,hard,engineering,0,2,2,False
E0154,Elena Novikova,Frontend Engineer,Middle,Frontend Engineer,Senior,career_goal,SK_CICD,CI/CD,hard,engineering,1,2,1,False
E0154,Elena Novikova,Frontend Engineer,Middle,Frontend Engineer,Senior,career_goal,SK_TEAMWORK,Teamwork,soft,collaboration,2,3,1,False
E0154,Elena Novikova,Frontend Engineer,Middle,Frontend Engineer,Senior,career_goal,SK_MENTORING,Mentoring,soft,leadership,0,3,3,False
E0154,Elena Novikova,Frontend Engineer,Middle,Frontend Engineer,Senior,career_goal,SK_LEADERSHIP,Leadership,soft,leadership,0,2,2,False
E0154,Elena Novikova,Frontend Engineer,Middle,Frontend Engineer,Senior,career_goal,SK_STAKEHOLDER_MGMT,Stakeholder Management,soft,communication,1,2,1,False
E0154,Elena Novikova,Frontend Engineer,Middle,Frontend Engineer,Senior,career_goal,SK_PUBLIC_SPEAKING,Public Speaking,soft,communication,0,2,2,False
E0155,Indira Zhaksylykova,Backend Engineer,Middle,Backend Engineer,Senior,career_goal,SK_PYTHON,Python,hard,engineering,2,4,2,False
E0155,Indira Zhaksylykova,Backend Engineer,Middle,Backend Engineer,Senior,career_goal,SK_SQL,SQL,hard,engineering,2,4,2,False
E0155,Indira Zhaksylykova,Backend Engineer,Middle,Backend Engineer,Senior,career_goal,SK_API_DESIGN,API Design,hard,engineering,3,4,1,True
E0155,Indira Zhaksylykova,Backend Engineer,Middle,Backend Engineer,Senior,career_goal,SK_SYSTEM_DESIGN,System Design,hard,engineering,3,4,1,True
E0155,Indira Zhaksylykova,Backend Engineer,Middle,Backend Engineer,Senior,career_goal,SK_CONTAINERS,Containers & Orchestration,hard,engineering,2,3,1,False
E0155,Indira Zhaksylykova,Backend Engineer,Middle,Backend Engineer,Senior,career_goal,SK_CICD,CI/CD,hard,engineering,1,3,2,False
E0155,Indira Zhaksylykova,Backend Engineer,Middle,Backend Engineer,Senior,career_goal,SK_OBSERVABILITY,Observability,hard,engineering,2,3,1,False
E0155,Indira Zhaksylykova,Backend Engineer,Middle,Backend Engineer,Senior,career_goal,SK_MENTORING,Mentoring,soft,leadership,0,3,3,False
E0155,Indira Zhaksylykova,Backend Engineer,Middle,Backend Engineer,Senior,career_goal,SK_STAKEHOLDER_MGMT,Stakeholder Management,soft,communication,0,2,2,False
E0155,Indira Zhaksylykova,Backend Engineer,Middle,Backend Engineer,Senior,career_goal,SK_PUBLIC_SPEAKING,Public Speaking,soft,communication,1,2,1,False
E0156,Madi Baimukhanov,QA Engineer,Junior,QA Engineer,Middle,career_goal,SK_TEST_DESIGN,Test Design,hard,quality,2,3,1,False
E0156,Madi Baimukhanov,QA Engineer,Junior,QA Engineer,Middle,career_goal,SK_API_TESTING,API Testing,hard,quality,1,3,2,True
E0156,Madi Baimukhanov,QA Engineer,Junior,QA Engineer,Middle,career_goal,SK_JAVA,Java,hard,engineering,1,2,1,False
E0156,Madi Baimukhanov,QA Engineer,Junior,QA Engineer,Middle,career_goal,SK_SQL,SQL,hard,engineering,0,2,2,False
E0156,Madi Baimukhanov,QA Engineer,Junior,QA Engineer,Middle,career_goal,SK_CICD,CI/CD,hard,engineering,0,1,1,False
E0156,Madi Baimukhanov,QA Engineer,Junior,QA Engineer,Middle,career_goal,SK_COMMUNICATION,Communication,soft,communication,2,3,1,False
E0156,Madi Baimukhanov,QA Engineer,Junior,QA Engineer,Middle,career_goal,SK_TEAMWORK,Teamwork,soft,collaboration,2,3,1,False
E0156,Madi Baimukhanov,QA Engineer,Junior,QA Engineer,Middle,career_goal,SK_CRITICAL_THINKING,Critical Thinking,soft,thinking,2,3,1,False
E0156,Madi Baimukhanov,QA Engineer,Junior,QA Engineer,Middle,career_goal,SK_MENTORING,Mentoring,soft,leadership,0,1,1,False
E0157,Andrey Morozov,QA Engineer,Junior,QA Engineer,Middle,career_goal,SK_TEST_DESIGN,Test Design,hard,quality,2,3,1,False
E0157,Andrey Morozov,QA Engineer,Junior,QA Engineer,Middle,career_goal,SK_TEST_AUTOMATION,Test Automation,hard,quality,0,2,2,False
E0157,Andrey Morozov,QA Engineer,Junior,QA Engineer,Middle,career_goal,SK_API_TESTING,API Testing,hard,quality,1,3,2,True
E0157,Andrey Morozov,QA Engineer,Junior,QA Engineer,Middle,career_goal,SK_JAVA,Java,hard,engineering,1,2,1,False
E0157,Andrey Morozov,QA Engineer,Junior,QA Engineer,Middle,career_goal,SK_SQL,SQL,hard,engineering,0,2,2,False
E0157,Andrey Morozov,QA Engineer,Junior,QA Engineer,Middle,career_goal,SK_COMMUNICATION,Communication,soft,communication,0,3,3,False
E0157,Andrey Morozov,QA Engineer,Junior,QA Engineer,Middle,career_goal,SK_TEAMWORK,Teamwork,soft,collaboration,0,3,3,False
E0157,Andrey Morozov,QA Engineer,Junior,QA Engineer,Middle,career_goal,SK_CRITICAL_THINKING,Critical Thinking,soft,thinking,2,3,1,False
E0158,Artem Volkov,Sales Manager,Senior,Sales Manager,Lead,career_goal,SK_COMMUNICATION,Communication,soft,communication,4,5,1,False
E0158,Artem Volkov,Sales Manager,Senior,Sales Manager,Lead,career_goal,SK_PUBLIC_SPEAKING,Public Speaking,soft,communication,1,4,3,False
E0158,Artem Volkov,Sales Manager,Senior,Sales Manager,Lead,career_goal,SK_EMOTIONAL_INTELLIGENCE,Emotional Intelligence,soft,collaboration,3,4,1,False
E0158,Artem Volkov,Sales Manager,Senior,Sales Manager,Lead,career_goal,SK_STAKEHOLDER_MGMT,Stakeholder Management,soft,communication,3,4,1,False
E0158,Artem Volkov,Sales Manager,Senior,Sales Manager,Lead,career_goal,SK_TIME_MANAGEMENT,Time Management,soft,personal_effectiveness,3,4,1,False
E0158,Artem Volkov,Sales Manager,Senior,Sales Manager,Lead,career_goal,SK_ADAPTABILITY,Adaptability,soft,personal_effectiveness,1,3,2,False
E0158,Artem Volkov,Sales Manager,Senior,Sales Manager,Lead,career_goal,SK_LEADERSHIP,Leadership,soft,leadership,1,4,3,True
E0158,Artem Volkov,Sales Manager,Senior,Sales Manager,Lead,career_goal,SK_MENTORING,Mentoring,soft,leadership,2,4,2,True
E0159,Azamat Temirkhanov,Sales Manager,Junior,Sales Manager,Junior,current_profile,SK_TIME_MANAGEMENT,Time Management,soft,personal_effectiveness,1,2,1,False
E0160,Zhandos Mukanov,Customer Support Specialist,Junior,Customer Support Specialist,Middle,career_goal,SK_CUSTOMER_SERVICE,Customer Service,hard,support,0,3,3,False
E0160,Zhandos Mukanov,Customer Support Specialist,Junior,Customer Support Specialist,Middle,career_goal,SK_TROUBLESHOOTING,Technical Troubleshooting,hard,support,1,2,1,True
E0160,Zhandos Mukanov,Customer Support Specialist,Junior,Customer Support Specialist,Middle,career_goal,SK_PRODUCT_KNOWLEDGE,Product Knowledge,hard,sales,2,3,1,False
E0160,Zhandos Mukanov,Customer Support Specialist,Junior,Customer Support Specialist,Middle,career_goal,SK_CRM,CRM Systems,hard,sales,1,2,1,False
E0160,Zhandos Mukanov,Customer Support Specialist,Junior,Customer Support Specialist,Middle,career_goal,SK_WRITTEN_COMMUNICATION,Written Communication,soft,communication,2,3,1,False
E0160,Zhandos Mukanov,Customer Support Specialist,Junior,Customer Support Specialist,Middle,career_goal,SK_COMMUNICATION,Communication,soft,communication,2,3,1,False
E0160,Zhandos Mukanov,Customer Support Specialist,Junior,Customer Support Specialist,Middle,career_goal,SK_CONFLICT_RESOLUTION,Conflict Resolution,soft,leadership,1,2,1,True
E0160,Zhandos Mukanov,Customer Support Specialist,Junior,Customer Support Specialist,Middle,career_goal,SK_EMOTIONAL_INTELLIGENCE,Emotional Intelligence,soft,collaboration,2,3,1,False
E0160,Zhandos Mukanov,Customer Support Specialist,Junior,Customer Support Specialist,Middle,career_goal,SK_TIME_MANAGEMENT,Time Management,soft,personal_effectiveness,1,3,2,False
E0160,Zhandos Mukanov,Customer Support Specialist,Junior,Customer Support Specialist,Middle,career_goal,SK_ADAPTABILITY,Adaptability,soft,personal_effectiveness,1,2,1,False
E0160,Zhandos Mukanov,Customer Support Specialist,Junior,Customer Support Specialist,Middle,career_goal,SK_PROBLEM_SOLVING,Problem Solving,soft,thinking,1,2,1,False
E0161,Anna Morozova,Sales Manager,Senior,Sales Manager,Lead,career_goal,SK_NEGOTIATION,Negotiation,hard,sales,2,5,3,False
E0161,Anna Morozova,Sales Manager,Senior,Sales Manager,Lead,career_goal,SK_CRM,CRM Systems,hard,sales,2,4,2,False
E0161,Anna Morozova,Sales Manager,Senior,Sales Manager,Lead,career_goal,SK_COMMUNICATION,Communication,soft,communication,2,5,3,False
E0161,Anna Morozova,Sales Manager,Senior,Sales Manager,Lead,career_goal,SK_PUBLIC_SPEAKING,Public Speaking,soft,communication,1,4,3,False
E0161,Anna Morozova,Sales Manager,Senior,Sales Manager,Lead,career_goal,SK_STAKEHOLDER_MGMT,Stakeholder Management,soft,communication,3,4,1,False
E0161,Anna Morozova,Sales Manager,Senior,Sales Manager,Lead,career_goal,SK_LEADERSHIP,Leadership,soft,leadership,1,4,3,True
E0161,Anna Morozova,Sales Manager,Senior,Sales Manager,Lead,career_goal,SK_MENTORING,Mentoring,soft,leadership,1,4,3,True
E0162,Daniyar Kassymov,Data Analyst,Middle,Data Analyst,Senior,career_goal,SK_SQL,SQL,hard,engineering,2,4,2,False
E0162,Daniyar Kassymov,Data Analyst,Middle,Data Analyst,Senior,career_goal,SK_PYTHON,Python,hard,engineering,1,3,2,False
E0162,Daniyar Kassymov,Data Analyst,Middle,Data Analyst,Senior,career_goal,SK_AB_TESTING,A/B Testing,hard,data,1,4,3,True
E0162,Daniyar Kassymov,Data Analyst,Middle,Data Analyst,Senior,career_goal,SK_DATA_VIZ,Data Visualization,hard,data,3,4,1,False
E0162,Daniyar Kassymov,Data Analyst,Middle,Data Analyst,Senior,career_goal,SK_BI_TOOLS,BI Tools,hard,data,2,3,1,False
E0162,Daniyar Kassymov,Data Analyst,Middle,Data Analyst,Senior,career_goal,SK_DATA_MODELING,Data Modeling,hard,data,2,3,1,False
E0162,Daniyar Kassymov,Data Analyst,Middle,Data Analyst,Senior,career_goal,SK_PRODUCT_ANALYTICS,Product Analytics,hard,product,1,3,2,False
E0162,Daniyar Kassymov,Data Analyst,Middle,Data Analyst,Senior,career_goal,SK_COMMUNICATION,Communication,soft,communication,2,4,2,False
E0162,Daniyar Kassymov,Data Analyst,Middle,Data Analyst,Senior,career_goal,SK_CRITICAL_THINKING,Critical Thinking,soft,thinking,1,4,3,False
E0162,Daniyar Kassymov,Data Analyst,Middle,Data Analyst,Senior,career_goal,SK_STAKEHOLDER_MGMT,Stakeholder Management,soft,communication,2,3,1,False
E0162,Daniyar Kassymov,Data Analyst,Middle,Data Analyst,Senior,career_goal,SK_PUBLIC_SPEAKING,Public Speaking,soft,communication,1,2,1,False
E0163,Botagoz Bekova,Sales Manager,Middle,Sales Manager,Middle,current_profile,SK_NEGOTIATION,Negotiation,hard,sales,1,3,2,True
E0163,Botagoz Bekova,Sales Manager,Middle,Sales Manager,Middle,current_profile,SK_CRM,CRM Systems,hard,sales,2,3,1,False
E0163,Botagoz Bekova,Sales Manager,Middle,Sales Manager,Middle,current_profile,SK_PRODUCT_KNOWLEDGE,Product Knowledge,hard,sales,2,3,1,False
E0163,Botagoz Bekova,Sales Manager,Middle,Sales Manager,Middle,current_profile,SK_PUBLIC_SPEAKING,Public Speaking,soft,communication,1,2,1,False
E0163,Botagoz Bekova,Sales Manager,Middle,Sales Manager,Middle,current_profile,SK_EMOTIONAL_INTELLIGENCE,Emotional Intelligence,soft,collaboration,2,3,1,False
E0163,Botagoz Bekova,Sales Manager,Middle,Sales Manager,Middle,current_profile,SK_TIME_MANAGEMENT,Time Management,soft,personal_effectiveness,1,3,2,False
E0164,Askar Akhmetov,Backend Engineer,Middle,Data Analyst,Middle,career_goal,SK_STATISTICS,Statistics,hard,data,0,3,3,True
E0164,Askar Akhmetov,Backend Engineer,Middle,Data Analyst,Middle,career_goal,SK_AB_TESTING,A/B Testing,hard,data,0,2,2,False
E0164,Askar Akhmetov,Backend Engineer,Middle,Data Analyst,Middle,career_goal,SK_DATA_VIZ,Data Visualization,hard,data,0,3,3,False
E0164,Askar Akhmetov,Backend Engineer,Middle,Data Analyst,Middle,career_goal,SK_BI_TOOLS,BI Tools,hard,data,0,3,3,False
E0164,Askar Akhmetov,Backend Engineer,Middle,Data Analyst,Middle,career_goal,SK_DATA_MODELING,Data Modeling,hard,data,0,2,2,False
E0164,Askar Akhmetov,Backend Engineer,Middle,Data Analyst,Middle,career_goal,SK_ML_BASICS,Machine Learning Fundamentals,hard,data,0,1,1,False
E0164,Askar Akhmetov,Backend Engineer,Middle,Data Analyst,Middle,career_goal,SK_PRODUCT_ANALYTICS,Product Analytics,hard,product,0,1,1,False
E0164,Askar Akhmetov,Backend Engineer,Middle,Data Analyst,Middle,career_goal,SK_CRITICAL_THINKING,Critical Thinking,soft,thinking,1,3,2,False
E0164,Askar Akhmetov,Backend Engineer,Middle,Data Analyst,Middle,career_goal,SK_STAKEHOLDER_MGMT,Stakeholder Management,soft,communication,1,2,1,False
E0165,Olga Popova,Product Manager,Junior,Product Manager,Middle,career_goal,SK_PRODUCT_DISCOVERY,Product Discovery,hard,product,1,3,2,True
E0165,Olga Popova,Product Manager,Junior,Product Manager,Middle,career_goal,SK_ROADMAPPING,Roadmapping & Prioritization,hard,product,1,2,1,False
E0165,Olga Popova,Product Manager,Junior,Product Manager,Middle,career_goal,SK_PRODUCT_ANALYTICS,Product Analytics,hard,product,0,3,3,True
E0165,Olga Popova,Product Manager,Junior,Product Manager,Middle,career_goal,SK_REQUIREMENTS,Requirements Writing,hard,product,1,3,2,False
E0165,Olga Popova,Product Manager,Junior,Product Manager,Middle,career_goal,SK_AGILE,Agile Practices,hard,product,1,3,2,False
E0165,Olga Popova,Product Manager,Junior,Product Manager,Middle,career_goal,SK_PROJECT_MGMT,Project Management,hard,product,1,2,1,False
E0165,Olga Popova,Product Manager,Junior,Product Manager,Middle,career_goal,SK_COMMUNICATION,Communication,soft,communication,2,3,1,False
E0165,Olga Popova,Product Manager,Junior,Product Manager,Middle,career_goal,SK_STAKEHOLDER_MGMT,Stakeholder Management,soft,communication,0,3,3,False
E0165,Olga Popova,Product Manager,Junior,Product Manager,Middle,career_goal,SK_PUBLIC_SPEAKING,Public Speaking,soft,communication,0,2,2,False
E0165,Olga Popova,Product Manager,Junior,Product Manager,Middle,career_goal,SK_CRITICAL_THINKING,Critical Thinking,soft,thinking,2,3,1,False
E0166,Aliya Bekova,Sales Manager,Senior,Sales Manager,Lead,career_goal,SK_PROSPECTING,Prospecting,hard,sales,3,4,1,False
E0166,Aliya Bekova,Sales Manager,Senior,Sales Manager,Lead,career_goal,SK_NEGOTIATION,Negotiation,hard,sales,3,5,2,False
E0166,Aliya Bekova,Sales Manager,Senior,Sales Manager,Lead,career_goal,SK_CRM,CRM Systems,hard,sales,3,4,1,False
E0166,Aliya Bekova,Sales Manager,Senior,Sales Manager,Lead,career_goal,SK_ACCOUNT_MGMT,Account Management,hard,sales,3,4,1,False
E0166,Aliya Bekova,Sales Manager,Senior,Sales Manager,Lead,career_goal,SK_PRODUCT_KNOWLEDGE,Product Knowledge,hard,sales,2,4,2,False
E0166,Aliya Bekova,Sales Manager,Senior,Sales Manager,Lead,career_goal,SK_COMMUNICATION,Communication,soft,communication,4,5,1,False
E0166,Aliya Bekova,Sales Manager,Senior,Sales Manager,Lead,career_goal,SK_PUBLIC_SPEAKING,Public Speaking,soft,communication,2,4,2,False
E0166,Aliya Bekova,Sales Manager,Senior,Sales Manager,Lead,career_goal,SK_EMOTIONAL_INTELLIGENCE,Emotional Intelligence,soft,collaboration,2,4,2,False
E0166,Aliya Bekova,Sales Manager,Senior,Sales Manager,Lead,career_goal,SK_ADAPTABILITY,Adaptability,soft,personal_effectiveness,2,3,1,False
E0166,Aliya Bekova,Sales Manager,Senior,Sales Manager,Lead,career_goal,SK_LEADERSHIP,Leadership,soft,leadership,3,4,1,True
E0166,Aliya Bekova,Sales Manager,Senior,Sales Manager,Lead,career_goal,SK_MENTORING,Mentoring,soft,leadership,0,4,4,True
E0167,Bekzat Baimukhanov,HR Business Partner,Junior,HR Business Partner,Middle,career_goal,SK_TALENT_ACQUISITION,Talent Acquisition,hard,hr,1,3,2,False
E0167,Bekzat Baimukhanov,HR Business Partner,Junior,HR Business Partner,Middle,career_goal,SK_EMPLOYEE_RELATIONS,Employee Relations,hard,hr,1,3,2,True
E0167,Bekzat Baimukhanov,HR Business Partner,Junior,HR Business Partner,Middle,career_goal,SK_LABOR_LAW,Labor Law,hard,hr,0,3,3,True
E0167,Bekzat Baimukhanov,HR Business Partner,Junior,HR Business Partner,Middle,career_goal,SK_HR_ANALYTICS,HR Analytics,hard,hr,0,1,1,False
E0167,Bekzat Baimukhanov,HR Business Partner,Junior,HR Business Partner,Middle,career_goal,SK_LEARNING_DESIGN,Learning Program Design,hard,hr,1,2,1,False
E0167,Bekzat Baimukhanov,HR Business Partner,Junior,HR Business Partner,Middle,career_goal,SK_COMMUNICATION,Communication,soft,communication,1,3,2,False
E0167,Bekzat Baimukhanov,HR Business Partner,Junior,HR Business Partner,Middle,career_goal,SK_EMOTIONAL_INTELLIGENCE,Emotional Intelligence,soft,collaboration,1,3,2,False
E0167,Bekzat Baimukhanov,HR Business Partner,Junior,HR Business Partner,Middle,career_goal,SK_CONFLICT_RESOLUTION,Conflict Resolution,soft,leadership,1,2,1,False
E0167,Bekzat Baimukhanov,HR Business Partner,Junior,HR Business Partner,Middle,career_goal,SK_FEEDBACK,Feedback,soft,leadership,0,2,2,False
E0167,Bekzat Baimukhanov,HR Business Partner,Junior,HR Business Partner,Middle,career_goal,SK_PUBLIC_SPEAKING,Public Speaking,soft,communication,0,2,2,False
E0168,Moldir Omarova,Customer Support Specialist,Middle,Customer Support Specialist,Senior,career_goal,SK_CUSTOMER_SERVICE,Customer Service,hard,support,2,4,2,False
E0168,Moldir Omarova,Customer Support Specialist,Middle,Customer Support Specialist,Senior,career_goal,SK_TROUBLESHOOTING,Technical Troubleshooting,hard,support,2,3,1,True
E0168,Moldir Omarova,Customer Support Specialist,Middle,Customer Support Specialist,Senior,career_goal,SK_PRODUCT_KNOWLEDGE,Product Knowledge,hard,sales,2,4,2,False
E0168,Moldir Omarova,Customer Support Specialist,Middle,Customer Support Specialist,Senior,career_goal,SK_CRM,CRM Systems,hard,sales,2,3,1,False
E0168,Moldir Omarova,Customer Support Specialist,Middle,Customer Support Specialist,Senior,career_goal,SK_WRITTEN_COMMUNICATION,Written Communication,soft,communication,2,3,1,False
E0168,Moldir Omarova,Customer Support Specialist,Middle,Customer Support Specialist,Senior,career_goal,SK_EMOTIONAL_INTELLIGENCE,Emotional Intelligence,soft,collaboration,2,3,1,False
E0168,Moldir Omarova,Customer Support Specialist,Middle,Customer Support Specialist,Senior,career_goal,SK_ADAPTABILITY,Adaptability,soft,personal_effectiveness,2,3,1,False
E0168,Moldir Omarova,Customer Support Specialist,Middle,Customer Support Specialist,Senior,career_goal,SK_PROBLEM_SOLVING,Problem Solving,soft,thinking,2,3,1,False
E0168,Moldir Omarova,Customer Support Specialist,Middle,Customer Support Specialist,Senior,career_goal,SK_MENTORING,Mentoring,soft,leadership,1,2,1,True
E0168,Moldir Omarova,Customer Support Specialist,Middle,Customer Support Specialist,Senior,career_goal,SK_LEADERSHIP,Leadership,soft,leadership,0,2,2,False
E0168,Moldir Omarova,Customer Support Specialist,Middle,Customer Support Specialist,Senior,career_goal,SK_FEEDBACK,Feedback,soft,leadership,0,2,2,False
E0169,Aruzhan Kaliyeva,Sales Manager,Lead,Product Manager,Lead,career_goal,SK_PRODUCT_DISCOVERY,Product Discovery,hard,product,0,5,5,True
E0169,Aruzhan Kaliyeva,Sales Manager,Lead,Product Manager,Lead,career_goal,SK_ROADMAPPING,Roadmapping & Prioritization,hard,product,0,4,4,False
E0169,Aruzhan Kaliyeva,Sales Manager,Lead,Product Manager,Lead,career_goal,SK_PRODUCT_ANALYTICS,Product Analytics,hard,product,0,4,4,False
E0169,Aruzhan Kaliyeva,Sales Manager,Lead,Product Manager,Lead,career_goal,SK_UX_RESEARCH,UX Research,hard,product,0,4,4,False
E0169,Aruzhan Kaliyeva,Sales Manager,Lead,Product Manager,Lead,career_goal,SK_REQUIREMENTS,Requirements Writing,hard,product,0,4,4,False
E0169,Aruzhan Kaliyeva,Sales Manager,Lead,Product Manager,Lead,career_goal,SK_AGILE,Agile Practices,hard,product,0,4,4,False
E0169,Aruzhan Kaliyeva,Sales Manager,Lead,Product Manager,Lead,career_goal,SK_PROJECT_MGMT,Project Management,hard,product,0,4,4,False
E0169,Aruzhan Kaliyeva,Sales Manager,Lead,Product Manager,Lead,career_goal,SK_SQL,SQL,hard,engineering,1,2,1,False
E0169,Aruzhan Kaliyeva,Sales Manager,Lead,Product Manager,Lead,career_goal,SK_AB_TESTING,A/B Testing,hard,data,0,3,3,False
E0169,Aruzhan Kaliyeva,Sales Manager,Lead,Product Manager,Lead,career_goal,SK_STAKEHOLDER_MGMT,Stakeholder Management,soft,communication,4,5,1,False
E0169,Aruzhan Kaliyeva,Sales Manager,Lead,Product Manager,Lead,career_goal,SK_PUBLIC_SPEAKING,Public Speaking,soft,communication,3,4,1,False
E0169,Aruzhan Kaliyeva,Sales Manager,Lead,Product Manager,Lead,career_goal,SK_CRITICAL_THINKING,Critical Thinking,soft,thinking,2,4,2,False
E0169,Aruzhan Kaliyeva,Sales Manager,Lead,Product Manager,Lead,career_goal,SK_MENTORING,Mentoring,soft,leadership,3,4,1,False
E0170,Bekzat Dzhakupov,Frontend Engineer,Middle,Frontend Engineer,Middle,current_profile,SK_API_DESIGN,API Design,hard,engineering,0,1,1,False
E0170,Bekzat Dzhakupov,Frontend Engineer,Middle,Frontend Engineer,Middle,current_profile,SK_CICD,CI/CD,hard,engineering,0,1,1,False
E0170,Bekzat Dzhakupov,Frontend Engineer,Middle,Frontend Engineer,Middle,current_profile,SK_COMMUNICATION,Communication,soft,communication,1,3,2,False
E0170,Bekzat Dzhakupov,Frontend Engineer,Middle,Frontend Engineer,Middle,current_profile,SK_PROBLEM_SOLVING,Problem Solving,soft,thinking,2,3,1,False
E0171,Akmaral Baimukhanova,QA Engineer,Middle,QA Engineer,Senior,career_goal,SK_TEST_DESIGN,Test Design,hard,quality,2,4,2,False
E0171,Akmaral Baimukhanova,QA Engineer,Middle,QA Engineer,Senior,career_goal,SK_TEST_AUTOMATION,Test Automation,hard,quality,3,4,1,True
E0171,Akmaral Baimukhanova,QA Engineer,Middle,QA Engineer,Senior,career_goal,SK_API_TESTING,API Testing,hard,quality,3,4,1,False
E0171,Akmaral Baimukhanova,QA Engineer,Middle,QA Engineer,Senior,career_goal,SK_LOAD_TESTING,Load Testing,hard,quality,2,3,1,True
E0171,Akmaral Baimukhanova,QA Engineer,Middle,QA Engineer,Senior,career_goal,SK_JAVA,Java,hard,engineering,1,3,2,False
E0171,Akmaral Baimukhanova,QA Engineer,Middle,QA Engineer,Senior,career_goal,SK_SQL,SQL,hard,engineering,1,3,2,False
E0171,Akmaral Baimukhanova,QA Engineer,Middle,QA Engineer,Senior,career_goal,SK_CICD,CI/CD,hard,engineering,0,3,3,False
E0171,Akmaral Baimukhanova,QA Engineer,Middle,QA Engineer,Senior,career_goal,SK_TEAMWORK,Teamwork,soft,collaboration,2,3,1,False
E0171,Akmaral Baimukhanova,QA Engineer,Middle,QA Engineer,Senior,career_goal,SK_CRITICAL_THINKING,Critical Thinking,soft,thinking,1,4,3,False
E0171,Akmaral Baimukhanova,QA Engineer,Middle,QA Engineer,Senior,career_goal,SK_WRITTEN_COMMUNICATION,Written Communication,soft,communication,1,3,2,False
E0171,Akmaral Baimukhanova,QA Engineer,Middle,QA Engineer,Senior,career_goal,SK_MENTORING,Mentoring,soft,leadership,0,3,3,False
E0172,Madi Temirkhanov,HR Business Partner,Senior,HR Business Partner,Senior,current_profile,SK_HR_ANALYTICS,HR Analytics,hard,hr,2,3,1,True
E0172,Madi Temirkhanov,HR Business Partner,Senior,HR Business Partner,Senior,current_profile,SK_LEARNING_DESIGN,Learning Program Design,hard,hr,2,3,1,False
E0172,Madi Temirkhanov,HR Business Partner,Senior,HR Business Partner,Senior,current_profile,SK_COMPENSATION,Compensation & Benefits,hard,hr,2,3,1,False
E0172,Madi Temirkhanov,HR Business Partner,Senior,HR Business Partner,Senior,current_profile,SK_COMMUNICATION,Communication,soft,communication,3,4,1,False
E0172,Madi Temirkhanov,HR Business Partner,Senior,HR Business Partner,Senior,current_profile,SK_EMOTIONAL_INTELLIGENCE,Emotional Intelligence,soft,collaboration,2,4,2,False
E0172,Madi Temirkhanov,HR Business Partner,Senior,HR Business Partner,Senior,current_profile,SK_CONFLICT_RESOLUTION,Conflict Resolution,soft,leadership,3,4,1,True
E0172,Madi Temirkhanov,HR Business Partner,Senior,HR Business Partner,Senior,current_profile,SK_FEEDBACK,Feedback,soft,leadership,1,3,2,False
E0172,Madi Temirkhanov,HR Business Partner,Senior,HR Business Partner,Senior,current_profile,SK_STAKEHOLDER_MGMT,Stakeholder Management,soft,communication,2,3,1,False
E0172,Madi Temirkhanov,HR Business Partner,Senior,HR Business Partner,Senior,current_profile,SK_PUBLIC_SPEAKING,Public Speaking,soft,communication,1,3,2,False
E0172,Madi Temirkhanov,HR Business Partner,Senior,HR Business Partner,Senior,current_profile,SK_LEADERSHIP,Leadership,soft,leadership,1,2,1,False
E0172,Madi Temirkhanov,HR Business Partner,Senior,HR Business Partner,Senior,current_profile,SK_MENTORING,Mentoring,soft,leadership,1,2,1,False
E0173,Timur Sadykov,HR Business Partner,Senior,HR Business Partner,Senior,current_profile,SK_TALENT_ACQUISITION,Talent Acquisition,hard,hr,2,3,1,False
E0173,Timur Sadykov,HR Business Partner,Senior,HR Business Partner,Senior,current_profile,SK_HR_ANALYTICS,HR Analytics,hard,hr,2,3,1,True
E0173,Timur Sadykov,HR Business Partner,Senior,HR Business Partner,Senior,current_profile,SK_EMOTIONAL_INTELLIGENCE,Emotional Intelligence,soft,collaboration,3,4,1,False
E0173,Timur Sadykov,HR Business Partner,Senior,HR Business Partner,Senior,current_profile,SK_FEEDBACK,Feedback,soft,leadership,1,3,2,False
E0173,Timur Sadykov,HR Business Partner,Senior,HR Business Partner,Senior,current_profile,SK_PUBLIC_SPEAKING,Public Speaking,soft,communication,2,3,1,False
E0174,Alibek Mukanov,Sales Manager,Junior,Sales Manager,Middle,career_goal,SK_PROSPECTING,Prospecting,hard,sales,2,3,1,True
E0174,Alibek Mukanov,Sales Manager,Junior,Sales Manager,Middle,career_goal,SK_NEGOTIATION,Negotiation,hard,sales,2,3,1,True
E0174,Alibek Mukanov,Sales Manager,Junior,Sales Manager,Middle,career_goal,SK_CRM,CRM Systems,hard,sales,2,3,1,False
E0174,Alibek Mukanov,Sales Manager,Junior,Sales Manager,Middle,career_goal,SK_PUBLIC_SPEAKING,Public Speaking,soft,communication,0,2,2,False
E0174,Alibek Mukanov,Sales Manager,Junior,Sales Manager,Middle,career_goal,SK_EMOTIONAL_INTELLIGENCE,Emotional Intelligence,soft,collaboration,1,3,2,False
E0174,Alibek Mukanov,Sales Manager,Junior,Sales Manager,Middle,career_goal,SK_TIME_MANAGEMENT,Time Management,soft,personal_effectiveness,1,3,2,False
E0174,Alibek Mukanov,Sales Manager,Junior,Sales Manager,Middle,career_goal,SK_MENTORING,Mentoring,soft,leadership,0,1,1,False
E0175,Aidos Nurlanov,Backend Engineer,Lead,Backend Engineer,Lead,current_profile,SK_SQL,SQL,hard,engineering,3,4,1,False
E0175,Aidos Nurlanov,Backend Engineer,Lead,Backend Engineer,Lead,current_profile,SK_CLOUD,Cloud Platforms,hard,engineering,3,4,1,False
E0175,Aidos Nurlanov,Backend Engineer,Lead,Backend Engineer,Lead,current_profile,SK_APP_SECURITY,Application Security,hard,engineering,3,4,1,False
E0175,Aidos Nurlanov,Backend Engineer,Lead,Backend Engineer,Lead,current_profile,SK_OBSERVABILITY,Observability,hard,engineering,3,4,1,False
E0176,Aizhan Nurlanova,Product Manager,Junior,Product Manager,Middle,career_goal,SK_PRODUCT_DISCOVERY,Product Discovery,hard,product,2,3,1,True
E0176,Aizhan Nurlanova,Product Manager,Junior,Product Manager,Middle,career_goal,SK_ROADMAPPING,Roadmapping & Prioritization,hard,product,0,2,2,False
E0176,Aizhan Nurlanova,Product Manager,Junior,Product Manager,Middle,career_goal,SK_PRODUCT_ANALYTICS,Product Analytics,hard,product,1,3,2,True
E0176,Aizhan Nurlanova,Product Manager,Junior,Product Manager,Middle,career_goal,SK_UX_RESEARCH,UX Research,hard,product,0,2,2,False
E0176,Aizhan Nurlanova,Product Manager,Junior,Product Manager,Middle,career_goal,SK_REQUIREMENTS,Requirements Writing,hard,product,1,3,2,False
E0176,Aizhan Nurlanova,Product Manager,Junior,Product Manager,Middle,career_goal,SK_AGILE,Agile Practices,hard,product,2,3,1,False
E0176,Aizhan Nurlanova,Product Manager,Junior,Product Manager,Middle,career_goal,SK_SQL,SQL,hard,engineering,0,1,1,False
E0176,Aizhan Nurlanova,Product Manager,Junior,Product Manager,Middle,career_goal,SK_COMMUNICATION,Communication,soft,communication,2,3,1,False
E0176,Aizhan Nurlanova,Product Manager,Junior,Product Manager,Middle,career_goal,SK_STAKEHOLDER_MGMT,Stakeholder Management,soft,communication,0,3,3,False
E0176,Aizhan Nurlanova,Product Manager,Junior,Product Manager,Middle,career_goal,SK_PUBLIC_SPEAKING,Public Speaking,soft,communication,1,2,1,False
E0176,Aizhan Nurlanova,Product Manager,Junior,Product Manager,Middle,career_goal,SK_CRITICAL_THINKING,Critical Thinking,soft,thinking,0,3,3,False
E0177,Dana Kassymova,Customer Support Specialist,Middle,Customer Support Specialist,Senior,career_goal,SK_CUSTOMER_SERVICE,Customer Service,hard,support,2,4,2,False
E0177,Dana Kassymova,Customer Support Specialist,Middle,Customer Support Specialist,Senior,career_goal,SK_TROUBLESHOOTING,Technical Troubleshooting,hard,support,0,3,3,True
E0177,Dana Kassymova,Customer Support Specialist,Middle,Customer Support Specialist,Senior,career_goal,SK_PRODUCT_KNOWLEDGE,Product Knowledge,hard,sales,2,4,2,False
E0177,Dana Kassymova,Customer Support Specialist,Middle,Customer Support Specialist,Senior,career_goal,SK_CRM,CRM Systems,hard,sales,1,3,2,False
E0177,Dana Kassymova,Customer Support Specialist,Middle,Customer Support Specialist,Senior,career_goal,SK_CONFLICT_RESOLUTION,Conflict Resolution,soft,leadership,2,3,1,False
E0177,Dana Kassymova,Customer Support Specialist,Middle,Customer Support Specialist,Senior,career_goal,SK_TIME_MANAGEMENT,Time Management,soft,personal_effectiveness,2,3,1,False
E0177,Dana Kassymova,Customer Support Specialist,Middle,Customer Support Specialist,Senior,career_goal,SK_ADAPTABILITY,Adaptability,soft,personal_effectiveness,2,3,1,False
E0177,Dana Kassymova,Customer Support Specialist,Middle,Customer Support Specialist,Senior,career_goal,SK_PROBLEM_SOLVING,Problem Solving,soft,thinking,2,3,1,False
E0177,Dana Kassymova,Customer Support Specialist,Middle,Customer Support Specialist,Senior,career_goal,SK_MENTORING,Mentoring,soft,leadership,1,2,1,True
E0178,Yerlan Kaliyev,Backend Engineer,Middle,Backend Engineer,Middle,current_profile,SK_SYSTEM_DESIGN,System Design,hard,engineering,1,2,1,False
E0178,Yerlan Kaliyev,Backend Engineer,Middle,Backend Engineer,Middle,current_profile,SK_CLOUD,Cloud Platforms,hard,engineering,1,2,1,False
E0178,Yerlan Kaliyev,Backend Engineer,Middle,Backend Engineer,Middle,current_profile,SK_MENTORING,Mentoring,soft,leadership,0,1,1,False
E0179,Zhandos Bekov,QA Engineer,Lead,QA Engineer,Lead,current_profile,SK_API_TESTING,API Testing,hard,quality,3,4,1,False
E0179,Zhandos Bekov,QA Engineer,Lead,QA Engineer,Lead,current_profile,SK_LOAD_TESTING,Load Testing,hard,quality,3,4,1,False
E0179,Zhandos Bekov,QA Engineer,Lead,QA Engineer,Lead,current_profile,SK_SQL,SQL,hard,engineering,2,3,1,False
E0179,Zhandos Bekov,QA Engineer,Lead,QA Engineer,Lead,current_profile,SK_CICD,CI/CD,hard,engineering,2,3,1,False
E0179,Zhandos Bekov,QA Engineer,Lead,QA Engineer,Lead,current_profile,SK_COMMUNICATION,Communication,soft,communication,3,4,1,False
E0179,Zhandos Bekov,QA Engineer,Lead,QA Engineer,Lead,current_profile,SK_TEAMWORK,Teamwork,soft,collaboration,3,4,1,False
E0179,Zhandos Bekov,QA Engineer,Lead,QA Engineer,Lead,current_profile,SK_WRITTEN_COMMUNICATION,Written Communication,soft,communication,3,4,1,False
E0179,Zhandos Bekov,QA Engineer,Lead,QA Engineer,Lead,current_profile,SK_MENTORING,Mentoring,soft,leadership,3,4,1,True
E0180,Denis Pavlov,Customer Support Specialist,Lead,QA Engineer,Lead,career_goal,SK_TEST_DESIGN,Test Design,hard,quality,0,4,4,False
E0180,Denis Pavlov,Customer Support Specialist,Lead,QA Engineer,Lead,career_goal,SK_TEST_AUTOMATION,Test Automation,hard,quality,0,4,4,False
E0180,Denis Pavlov,Customer Support Specialist,Lead,QA Engineer,Lead,career_goal,SK_API_TESTING,API Testing,hard,quality,0,4,4,False
E0180,Denis Pavlov,Customer Support Specialist,Lead,QA Engineer,Lead,career_goal,SK_LOAD_TESTING,Load Testing,hard,quality,0,4,4,False
E0180,Denis Pavlov,Customer Support Specialist,Lead,QA Engineer,Lead,career_goal,SK_JAVA,Java,hard,engineering,0,3,3,False
E0180,Denis Pavlov,Customer Support Specialist,Lead,QA Engineer,Lead,career_goal,SK_SQL,SQL,hard,engineering,0,3,3,False
E0180,Denis Pavlov,Customer Support Specialist,Lead,QA Engineer,Lead,career_goal,SK_CICD,CI/CD,hard,engineering,0,3,3,False
E0180,Denis Pavlov,Customer Support Specialist,Lead,QA Engineer,Lead,career_goal,SK_COMMUNICATION,Communication,soft,communication,3,4,1,False
E0180,Denis Pavlov,Customer Support Specialist,Lead,QA Engineer,Lead,career_goal,SK_TEAMWORK,Teamwork,soft,collaboration,1,4,3,False
E0180,Denis Pavlov,Customer Support Specialist,Lead,QA Engineer,Lead,career_goal,SK_CRITICAL_THINKING,Critical Thinking,soft,thinking,2,4,2,False
E0180,Denis Pavlov,Customer Support Specialist,Lead,QA Engineer,Lead,career_goal,SK_MENTORING,Mentoring,soft,leadership,2,4,2,True
E0180,Denis Pavlov,Customer Support Specialist,Lead,QA Engineer,Lead,career_goal,SK_LEADERSHIP,Leadership,soft,leadership,3,4,1,True
E0181,Irina Kozlova,Product Manager,Senior,Product Manager,Senior,current_profile,SK_REQUIREMENTS,Requirements Writing,hard,product,3,4,1,False
E0181,Irina Kozlova,Product Manager,Senior,Product Manager,Senior,current_profile,SK_SQL,SQL,hard,engineering,1,2,1,False
E0181,Irina Kozlova,Product Manager,Senior,Product Manager,Senior,current_profile,SK_COMMUNICATION,Communication,soft,communication,2,4,2,False
E0181,Irina Kozlova,Product Manager,Senior,Product Manager,Senior,current_profile,SK_PUBLIC_SPEAKING,Public Speaking,soft,communication,2,3,1,False
E0181,Irina Kozlova,Product Manager,Senior,Product Manager,Senior,current_profile,SK_MENTORING,Mentoring,soft,leadership,1,2,1,False
E0182,Alibek Omarov,Frontend Engineer,Middle,Frontend Engineer,Senior,career_goal,SK_JAVASCRIPT,JavaScript,hard,frontend,1,4,3,False
E0182,Alibek Omarov,Frontend Engineer,Middle,Frontend Engineer,Senior,career_goal,SK_TYPESCRIPT,TypeScript,hard,frontend,2,4,2,True
E0182,Alibek Omarov,Frontend Engineer,Middle,Frontend Engineer,Senior,career_goal,SK_REACT,React,hard,frontend,3,4,1,False
E0182,Alibek Omarov,Frontend Engineer,Middle,Frontend Engineer,Senior,career_goal,SK_HTML_CSS,HTML & CSS,hard,frontend,2,4,2,False
E0182,Alibek Omarov,Frontend Engineer,Middle,Frontend Engineer,Senior,career_goal,SK_WEB_PERFORMANCE,Web Performance,hard,frontend,2,4,2,True
E0182,Alibek Omarov,Frontend Engineer,Middle,Frontend Engineer,Senior,career_goal,SK_API_DESIGN,API Design,hard,engineering,1,2,1,False
E0182,Alibek Omarov,Frontend Engineer,Middle,Frontend Engineer,Senior,career_goal,SK_CICD,CI/CD,hard,engineering,1,2,1,False
E0182,Alibek Omarov,Frontend Engineer,Middle,Frontend Engineer,Senior,career_goal,SK_COMMUNICATION,Communication,soft,communication,2,3,1,False
E0182,Alibek Omarov,Frontend Engineer,Middle,Frontend Engineer,Senior,career_goal,SK_TEAMWORK,Teamwork,soft,collaboration,1,3,2,False
E0182,Alibek Omarov,Frontend Engineer,Middle,Frontend Engineer,Senior,career_goal,SK_PROBLEM_SOLVING,Problem Solving,soft,thinking,2,4,2,False
E0182,Alibek Omarov,Frontend Engineer,Middle,Frontend Engineer,Senior,career_goal,SK_MENTORING,Mentoring,soft,leadership,1,3,2,False
E0182,Alibek Omarov,Frontend Engineer,Middle,Frontend Engineer,Senior,career_goal,SK_LEADERSHIP,Leadership,soft,leadership,0,2,2,False
E0182,Alibek Omarov,Frontend Engineer,Middle,Frontend Engineer,Senior,career_goal,SK_STAKEHOLDER_MGMT,Stakeholder Management,soft,communication,0,2,2,False
E0182,Alibek Omarov,Frontend Engineer,Middle,Frontend Engineer,Senior,career_goal,SK_PUBLIC_SPEAKING,Public Speaking,soft,communication,0,2,2,False
E0183,Alexey Sokolov,Frontend Engineer,Middle,Frontend Engineer,Senior,career_goal,SK_JAVASCRIPT,JavaScript,hard,frontend,1,4,3,False
E0183,Alexey Sokolov,Frontend Engineer,Middle,Frontend Engineer,Senior,career_goal,SK_TYPESCRIPT,TypeScript,hard,frontend,3,4,1,True
E0183,Alexey Sokolov,Frontend Engineer,Middle,Frontend Engineer,Senior,career_goal,SK_REACT,React,hard,frontend,3,4,1,False
E0183,Alexey Sokolov,Frontend Engineer,Middle,Frontend Engineer,Senior,career_goal,SK_HTML_CSS,HTML & CSS,hard,frontend,2,4,2,False
E0183,Alexey Sokolov,Frontend Engineer,Middle,Frontend Engineer,Senior,career_goal,SK_WEB_PERFORMANCE,Web Performance,hard,frontend,0,4,4,True
E0183,Alexey Sokolov,Frontend Engineer,Middle,Frontend Engineer,Senior,career_goal,SK_ACCESSIBILITY,Web Accessibility,hard,frontend,0,3,3,False
E0183,Alexey Sokolov,Frontend Engineer,Middle,Frontend Engineer,Senior,career_goal,SK_CICD,CI/CD,hard,engineering,1,2,1,False
E0183,Alexey Sokolov,Frontend Engineer,Middle,Frontend Engineer,Senior,career_goal,SK_COMMUNICATION,Communication,soft,communication,2,3,1,False
E0183,Alexey Sokolov,Frontend Engineer,Middle,Frontend Engineer,Senior,career_goal,SK_MENTORING,Mentoring,soft,leadership,0,3,3,False
E0183,Alexey Sokolov,Frontend Engineer,Middle,Frontend Engineer,Senior,career_goal,SK_LEADERSHIP,Leadership,soft,leadership,1,2,1,False
E0183,Alexey Sokolov,Frontend Engineer,Middle,Frontend Engineer,Senior,career_goal,SK_STAKEHOLDER_MGMT,Stakeholder Management,soft,communication,0,2,2,False
E0184,Saule Omarova,Backend Engineer,Middle,Backend Engineer,Senior,career_goal,SK_PYTHON,Python,hard,engineering,3,4,1,False
E0184,Saule Omarova,Backend Engineer,Middle,Backend Engineer,Senior,career_goal,SK_SQL,SQL,hard,engineering,3,4,1,False
E0184,Saule Omarova,Backend Engineer,Middle,Backend Engineer,Senior,career_goal,SK_SYSTEM_DESIGN,System Design,hard,engineering,0,4,4,True
E0184,Saule Omarova,Backend Engineer,Middle,Backend Engineer,Senior,career_goal,SK_CLOUD,Cloud Platforms,hard,engineering,1,3,2,False
E0184,Saule Omarova,Backend Engineer,Middle,Backend Engineer,Senior,career_goal,SK_CONTAINERS,Containers & Orchestration,hard,engineering,1,3,2,False
E0184,Saule Omarova,Backend Engineer,Middle,Backend Engineer,Senior,career_goal,SK_CICD,CI/CD,hard,engineering,1,3,2,False
E0184,Saule Omarova,Backend Engineer,Middle,Backend Engineer,Senior,career_goal,SK_APP_SECURITY,Application Security,hard,engineering,2,3,1,False
E0184,Saule Omarova,Backend Engineer,Middle,Backend Engineer,Senior,career_goal,SK_COMMUNICATION,Communication,soft,communication,2,3,1,False
E0184,Saule Omarova,Backend Engineer,Middle,Backend Engineer,Senior,career_goal,SK_PROBLEM_SOLVING,Problem Solving,soft,thinking,3,4,1,False
E0184,Saule Omarova,Backend Engineer,Middle,Backend Engineer,Senior,career_goal,SK_MENTORING,Mentoring,soft,leadership,0,3,3,False
E0184,Saule Omarova,Backend Engineer,Middle,Backend Engineer,Senior,career_goal,SK_STAKEHOLDER_MGMT,Stakeholder Management,soft,communication,1,2,1,False
E0184,Saule Omarova,Backend Engineer,Middle,Backend Engineer,Senior,career_goal,SK_PUBLIC_SPEAKING,Public Speaking,soft,communication,0,2,2,False
E0185,Togzhan Zhaksylykova,Customer Support Specialist,Middle,Customer Support Specialist,Senior,career_goal,SK_CUSTOMER_SERVICE,Customer Service,hard,support,3,4,1,False
E0185,Togzhan Zhaksylykova,Customer Support Specialist,Middle,Customer Support Specialist,Senior,career_goal,SK_PRODUCT_KNOWLEDGE,Product Knowledge,hard,sales,3,4,1,False
E0185,Togzhan Zhaksylykova,Customer Support Specialist,Middle,Customer Support Specialist,Senior,career_goal,SK_WRITTEN_COMMUNICATION,Written Communication,soft,communication,2,3,1,False
E0185,Togzhan Zhaksylykova,Customer Support Specialist,Middle,Customer Support Specialist,Senior,career_goal,SK_COMMUNICATION,Communication,soft,communication,3,4,1,False
E0185,Togzhan Zhaksylykova,Customer Support Specialist,Middle,Customer Support Specialist,Senior,career_goal,SK_CONFLICT_RESOLUTION,Conflict Resolution,soft,leadership,0,3,3,False
E0185,Togzhan Zhaksylykova,Customer Support Specialist,Middle,Customer Support Specialist,Senior,career_goal,SK_EMOTIONAL_INTELLIGENCE,Emotional Intelligence,soft,collaboration,2,3,1,False
E0185,Togzhan Zhaksylykova,Customer Support Specialist,Middle,Customer Support Specialist,Senior,career_goal,SK_ADAPTABILITY,Adaptability,soft,personal_effectiveness,2,3,1,False
E0185,Togzhan Zhaksylykova,Customer Support Specialist,Middle,Customer Support Specialist,Senior,career_goal,SK_PROBLEM_SOLVING,Problem Solving,soft,thinking,1,3,2,False
E0185,Togzhan Zhaksylykova,Customer Support Specialist,Middle,Customer Support Specialist,Senior,career_goal,SK_MENTORING,Mentoring,soft,leadership,1,2,1,True
E0185,Togzhan Zhaksylykova,Customer Support Specialist,Middle,Customer Support Specialist,Senior,career_goal,SK_LEADERSHIP,Leadership,soft,leadership,1,2,1,False
E0185,Togzhan Zhaksylykova,Customer Support Specialist,Middle,Customer Support Specialist,Senior,career_goal,SK_FEEDBACK,Feedback,soft,leadership,1,2,1,False
E0186,Natalia Popova,Backend Engineer,Middle,Backend Engineer,Middle,current_profile,SK_API_DESIGN,API Design,hard,engineering,1,3,2,True
E0186,Natalia Popova,Backend Engineer,Middle,Backend Engineer,Middle,current_profile,SK_CICD,CI/CD,hard,engineering,1,2,1,False
E0187,Nurlan Nurlanov,Data Analyst,Junior,Data Analyst,Junior,current_profile,SK_SQL,SQL,hard,engineering,1,2,1,True
E0187,Nurlan Nurlanov,Data Analyst,Junior,Data Analyst,Junior,current_profile,SK_DATA_VIZ,Data Visualization,hard,data,1,2,1,False
E0187,Nurlan Nurlanov,Data Analyst,Junior,Data Analyst,Junior,current_profile,SK_COMMUNICATION,Communication,soft,communication,1,2,1,False
E0187,Nurlan Nurlanov,Data Analyst,Junior,Data Analyst,Junior,current_profile,SK_CRITICAL_THINKING,Critical Thinking,soft,thinking,0,2,2,False
E0188,Natalia Pavlova,Data Analyst,Junior,Data Analyst,Junior,current_profile,SK_SQL,SQL,hard,engineering,1,2,1,True
E0188,Natalia Pavlova,Data Analyst,Junior,Data Analyst,Junior,current_profile,SK_CRITICAL_THINKING,Critical Thinking,soft,thinking,0,2,2,False
E0189,Sergey Smirnov,QA Engineer,Senior,QA Engineer,Senior,current_profile,SK_TEST_AUTOMATION,Test Automation,hard,quality,3,4,1,True
E0189,Sergey Smirnov,QA Engineer,Senior,QA Engineer,Senior,current_profile,SK_JAVA,Java,hard,engineering,1,3,2,False
E0189,Sergey Smirnov,QA Engineer,Senior,QA Engineer,Senior,current_profile,SK_CICD,CI/CD,hard,engineering,2,3,1,False
E0189,Sergey Smirnov,QA Engineer,Senior,QA Engineer,Senior,current_profile,SK_CRITICAL_THINKING,Critical Thinking,soft,thinking,3,4,1,False
E0189,Sergey Smirnov,QA Engineer,Senior,QA Engineer,Senior,current_profile,SK_WRITTEN_COMMUNICATION,Written Communication,soft,communication,2,3,1,False
E0189,Sergey Smirnov,QA Engineer,Senior,QA Engineer,Senior,current_profile,SK_MENTORING,Mentoring,soft,leadership,2,3,1,False
E0189,Sergey Smirnov,QA Engineer,Senior,QA Engineer,Senior,current_profile,SK_LEADERSHIP,Leadership,soft,leadership,1,2,1,False
E0190,Marat Mukanov,Backend Engineer,Senior,Backend Engineer,Lead,career_goal,SK_PYTHON,Python,hard,engineering,3,4,1,False
E0190,Marat Mukanov,Backend Engineer,Senior,Backend Engineer,Lead,career_goal,SK_SYSTEM_DESIGN,System Design,hard,engineering,4,5,1,True
E0190,Marat Mukanov,Backend Engineer,Senior,Backend Engineer,Lead,career_goal,SK_CLOUD,Cloud Platforms,hard,engineering,3,4,1,False
E0190,Marat Mukanov,Backend Engineer,Senior,Backend Engineer,Lead,career_goal,SK_CONTAINERS,Containers & Orchestration,hard,engineering,2,3,1,False
E0190,Marat Mukanov,Backend Engineer,Senior,Backend Engineer,Lead,career_goal,SK_APP_SECURITY,Application Security,hard,engineering,2,4,2,False
E0190,Marat Mukanov,Backend Engineer,Senior,Backend Engineer,Lead,career_goal,SK_COMMUNICATION,Communication,soft,communication,2,4,2,False
E0190,Marat Mukanov,Backend Engineer,Senior,Backend Engineer,Lead,career_goal,SK_TEAMWORK,Teamwork,soft,collaboration,3,4,1,False
E0190,Marat Mukanov,Backend Engineer,Senior,Backend Engineer,Lead,career_goal,SK_MENTORING,Mentoring,soft,leadership,2,4,2,True
E0190,Marat Mukanov,Backend Engineer,Senior,Backend Engineer,Lead,career_goal,SK_LEADERSHIP,Leadership,soft,leadership,1,4,3,True
E0190,Marat Mukanov,Backend Engineer,Senior,Backend Engineer,Lead,career_goal,SK_STAKEHOLDER_MGMT,Stakeholder Management,soft,communication,0,4,4,False
E0191,Askar Seitkali,Sales Manager,Middle,Sales Manager,Senior,career_goal,SK_PROSPECTING,Prospecting,hard,sales,3,4,1,False
E0191,Askar Seitkali,Sales Manager,Middle,Sales Manager,Senior,career_goal,SK_NEGOTIATION,Negotiation,hard,sales,3,4,1,True
E0191,Askar Seitkali,Sales Manager,Middle,Sales Manager,Senior,career_goal,SK_ACCOUNT_MGMT,Account Management,hard,sales,2,4,2,True
E0191,Askar Seitkali,Sales Manager,Middle,Sales Manager,Senior,career_goal,SK_PRODUCT_KNOWLEDGE,Product Knowledge,hard,sales,2,4,2,False
E0191,Askar Seitkali,Sales Manager,Middle,Sales Manager,Senior,career_goal,SK_COMMUNICATION,Communication,soft,communication,2,4,2,False
E0191,Askar Seitkali,Sales Manager,Middle,Sales Manager,Senior,career_goal,SK_PUBLIC_SPEAKING,Public Speaking,soft,communication,2,3,1,False
E0191,Askar Seitkali,Sales Manager,Middle,Sales Manager,Senior,career_goal,SK_STAKEHOLDER_MGMT,Stakeholder Management,soft,communication,2,3,1,False
E0191,Askar Seitkali,Sales Manager,Middle,Sales Manager,Senior,career_goal,SK_ADAPTABILITY,Adaptability,soft,personal_effectiveness,2,3,1,False
E0191,Askar Seitkali,Sales Manager,Middle,Sales Manager,Senior,career_goal,SK_LEADERSHIP,Leadership,soft,leadership,1,2,1,False
E0191,Askar Seitkali,Sales Manager,Middle,Sales Manager,Senior,career_goal,SK_MENTORING,Mentoring,soft,leadership,1,2,1,False
E0192,Irina Morozova,Backend Engineer,Junior,Data Analyst,Junior,career_goal,SK_STATISTICS,Statistics,hard,data,0,1,1,False
E0192,Irina Morozova,Backend Engineer,Junior,Data Analyst,Junior,career_goal,SK_DATA_VIZ,Data Visualization,hard,data,0,2,2,False
E0192,Irina Morozova,Backend Engineer,Junior,Data Analyst,Junior,career_goal,SK_BI_TOOLS,BI Tools,hard,data,0,2,2,False
E0193,Bekzat Yessenov,Data Analyst,Middle,Product Manager,Middle,career_goal,SK_PRODUCT_DISCOVERY,Product Discovery,hard,product,0,3,3,True
E0193,Bekzat Yessenov,Data Analyst,Middle,Product Manager,Middle,career_goal,SK_ROADMAPPING,Roadmapping & Prioritization,hard,product,0,2,2,False
E0193,Bekzat Yessenov,Data Analyst,Middle,Product Manager,Middle,career_goal,SK_PRODUCT_ANALYTICS,Product Analytics,hard,product,2,3,1,True
E0193,Bekzat Yessenov,Data Analyst,Middle,Product Manager,Middle,career_goal,SK_UX_RESEARCH,UX Research,hard,product,0,2,2,False
E0193,Bekzat Yessenov,Data Analyst,Middle,Product Manager,Middle,career_goal,SK_REQUIREMENTS,Requirements Writing,hard,product,0,3,3,False
E0193,Bekzat Yessenov,Data Analyst,Middle,Product Manager,Middle,career_goal,SK_AGILE,Agile Practices,hard,product,0,3,3,False
E0193,Bekzat Yessenov,Data Analyst,Middle,Product Manager,Middle,career_goal,SK_PROJECT_MGMT,Project Management,hard,product,0,2,2,False
E0193,Bekzat Yessenov,Data Analyst,Middle,Product Manager,Middle,career_goal,SK_STAKEHOLDER_MGMT,Stakeholder Management,soft,communication,1,3,2,False
E0193,Bekzat Yessenov,Data Analyst,Middle,Product Manager,Middle,career_goal,SK_PUBLIC_SPEAKING,Public Speaking,soft,communication,0,2,2,False
E0194,Natalia Volkova,Frontend Engineer,Senior,Product Manager,Senior,career_goal,SK_PRODUCT_DISCOVERY,Product Discovery,hard,product,0,4,4,False
E0194,Natalia Volkova,Frontend Engineer,Senior,Product Manager,Senior,career_goal,SK_ROADMAPPING,Roadmapping & Prioritization,hard,product,0,4,4,True
E0194,Natalia Volkova,Frontend Engineer,Senior,Product Manager,Senior,career_goal,SK_PRODUCT_ANALYTICS,Product Analytics,hard,product,0,4,4,False
E0194,Natalia Volkova,Frontend Engineer,Senior,Product Manager,Senior,career_goal,SK_UX_RESEARCH,UX Research,hard,product,0,3,3,False
E0194,Natalia Volkova,Frontend Engineer,Senior,Product Manager,Senior,career_goal,SK_REQUIREMENTS,Requirements Writing,hard,product,0,4,4,False
E0194,Natalia Volkova,Frontend Engineer,Senior,Product Manager,Senior,career_goal,SK_AGILE,Agile Practices,hard,product,0,3,3,False
E0194,Natalia Volkova,Frontend Engineer,Senior,Product Manager,Senior,career_goal,SK_PROJECT_MGMT,Project Management,hard,product,0,3,3,False
E0194,Natalia Volkova,Frontend Engineer,Senior,Product Manager,Senior,career_goal,SK_SQL,SQL,hard,engineering,0,2,2,False
E0194,Natalia Volkova,Frontend Engineer,Senior,Product Manager,Senior,career_goal,SK_AB_TESTING,A/B Testing,hard,data,0,3,3,False
E0194,Natalia Volkova,Frontend Engineer,Senior,Product Manager,Senior,career_goal,SK_STAKEHOLDER_MGMT,Stakeholder Management,soft,communication,2,4,2,True
E0194,Natalia Volkova,Frontend Engineer,Senior,Product Manager,Senior,career_goal,SK_CRITICAL_THINKING,Critical Thinking,soft,thinking,2,4,2,False
E0194,Natalia Volkova,Frontend Engineer,Senior,Product Manager,Senior,career_goal,SK_LEADERSHIP,Leadership,soft,leadership,2,3,1,False
E0195,Irina Ivanova,Product Manager,Middle,Product Manager,Senior,career_goal,SK_PRODUCT_DISCOVERY,Product Discovery,hard,product,3,4,1,False
E0195,Irina Ivanova,Product Manager,Middle,Product Manager,Senior,career_goal,SK_ROADMAPPING,Roadmapping & Prioritization,hard,product,3,4,1,True
E0195,Irina Ivanova,Product Manager,Middle,Product Manager,Senior,career_goal,SK_PRODUCT_ANALYTICS,Product Analytics,hard,product,3,4,1,False
E0195,Irina Ivanova,Product Manager,Middle,Product Manager,Senior,career_goal,SK_REQUIREMENTS,Requirements Writing,hard,product,3,4,1,False
E0195,Irina Ivanova,Product Manager,Middle,Product Manager,Senior,career_goal,SK_AGILE,Agile Practices,hard,product,2,3,1,False
E0195,Irina Ivanova,Product Manager,Middle,Product Manager,Senior,career_goal,SK_PROJECT_MGMT,Project Management,hard,product,1,3,2,False
E0195,Irina Ivanova,Product Manager,Middle,Product Manager,Senior,career_goal,SK_SQL,SQL,hard,engineering,0,2,2,False
E0195,Irina Ivanova,Product Manager,Middle,Product Manager,Senior,career_goal,SK_AB_TESTING,A/B Testing,hard,data,1,3,2,False
E0195,Irina Ivanova,Product Manager,Middle,Product Manager,Senior,career_goal,SK_COMMUNICATION,Communication,soft,communication,2,4,2,False
E0195,Irina Ivanova,Product Manager,Middle,Product Manager,Senior,career_goal,SK_CRITICAL_THINKING,Critical Thinking,soft,thinking,2,4,2,False
E0195,Irina Ivanova,Product Manager,Middle,Product Manager,Senior,career_goal,SK_LEADERSHIP,Leadership,soft,leadership,0,3,3,False
E0195,Irina Ivanova,Product Manager,Middle,Product Manager,Senior,career_goal,SK_MENTORING,Mentoring,soft,leadership,1,2,1,False
E0196,Olzhas Utepov,Backend Engineer,Junior,Backend Engineer,Middle,career_goal,SK_PYTHON,Python,hard,engineering,2,3,1,True
E0196,Olzhas Utepov,Backend Engineer,Junior,Backend Engineer,Middle,career_goal,SK_API_DESIGN,API Design,hard,engineering,1,3,2,True
E0196,Olzhas Utepov,Backend Engineer,Junior,Backend Engineer,Middle,career_goal,SK_SYSTEM_DESIGN,System Design,hard,engineering,0,2,2,False
E0196,Olzhas Utepov,Backend Engineer,Junior,Backend Engineer,Middle,career_goal,SK_CLOUD,Cloud Platforms,hard,engineering,0,2,2,False
E0196,Olzhas Utepov,Backend Engineer,Junior,Backend Engineer,Middle,career_goal,SK_CONTAINERS,Containers & Orchestration,hard,engineering,1,2,1,False
E0196,Olzhas Utepov,Backend Engineer,Junior,Backend Engineer,Middle,career_goal,SK_CICD,CI/CD,hard,engineering,1,2,1,False
E0196,Olzhas Utepov,Backend Engineer,Junior,Backend Engineer,Middle,career_goal,SK_OBSERVABILITY,Observability,hard,engineering,1,2,1,False
E0196,Olzhas Utepov,Backend Engineer,Junior,Backend Engineer,Middle,career_goal,SK_COMMUNICATION,Communication,soft,communication,1,3,2,False
E0196,Olzhas Utepov,Backend Engineer,Junior,Backend Engineer,Middle,career_goal,SK_TEAMWORK,Teamwork,soft,collaboration,0,3,3,False
E0196,Olzhas Utepov,Backend Engineer,Junior,Backend Engineer,Middle,career_goal,SK_PROBLEM_SOLVING,Problem Solving,soft,thinking,2,3,1,False
E0197,Akmaral Zhaksylykova,QA Engineer,Middle,QA Engineer,Senior,career_goal,SK_TEST_DESIGN,Test Design,hard,quality,2,4,2,False
E0197,Akmaral Zhaksylykova,QA Engineer,Middle,QA Engineer,Senior,career_goal,SK_TEST_AUTOMATION,Test Automation,hard,quality,2,4,2,True
E0197,Akmaral Zhaksylykova,QA Engineer,Middle,QA Engineer,Senior,career_goal,SK_API_TESTING,API Testing,hard,quality,2,4,2,False
E0197,Akmaral Zhaksylykova,QA Engineer,Middle,QA Engineer,Senior,career_goal,SK_LOAD_TESTING,Load Testing,hard,quality,1,3,2,True
E0197,Akmaral Zhaksylykova,QA Engineer,Middle,QA Engineer,Senior,career_goal,SK_SQL,SQL,hard,engineering,2,3,1,False
E0197,Akmaral Zhaksylykova,QA Engineer,Middle,QA Engineer,Senior,career_goal,SK_CICD,CI/CD,hard,engineering,0,3,3,False
E0197,Akmaral Zhaksylykova,QA Engineer,Middle,QA Engineer,Senior,career_goal,SK_TEAMWORK,Teamwork,soft,collaboration,2,3,1,False
E0197,Akmaral Zhaksylykova,QA Engineer,Middle,QA Engineer,Senior,career_goal,SK_CRITICAL_THINKING,Critical Thinking,soft,thinking,3,4,1,False
E0197,Akmaral Zhaksylykova,QA Engineer,Middle,QA Engineer,Senior,career_goal,SK_WRITTEN_COMMUNICATION,Written Communication,soft,communication,2,3,1,False
E0197,Akmaral Zhaksylykova,QA Engineer,Middle,QA Engineer,Senior,career_goal,SK_MENTORING,Mentoring,soft,leadership,1,3,2,False
E0197,Akmaral Zhaksylykova,QA Engineer,Middle,QA Engineer,Senior,career_goal,SK_LEADERSHIP,Leadership,soft,leadership,0,2,2,False
E0198,Saule Akhmetova,Sales Manager,Junior,Sales Manager,Middle,career_goal,SK_PROSPECTING,Prospecting,hard,sales,1,3,2,True
E0198,Saule Akhmetova,Sales Manager,Junior,Sales Manager,Middle,career_goal,SK_NEGOTIATION,Negotiation,hard,sales,1,3,2,True
E0198,Saule Akhmetova,Sales Manager,Junior,Sales Manager,Middle,career_goal,SK_ACCOUNT_MGMT,Account Management,hard,sales,1,2,1,False
E0198,Saule Akhmetova,Sales Manager,Junior,Sales Manager,Middle,career_goal,SK_PRODUCT_KNOWLEDGE,Product Knowledge,hard,sales,1,3,2,False
E0198,Saule Akhmetova,Sales Manager,Junior,Sales Manager,Middle,career_goal,SK_COMMUNICATION,Communication,soft,communication,2,3,1,False
E0198,Saule Akhmetova,Sales Manager,Junior,Sales Manager,Middle,career_goal,SK_PUBLIC_SPEAKING,Public Speaking,soft,communication,0,2,2,False
E0198,Saule Akhmetova,Sales Manager,Junior,Sales Manager,Middle,career_goal,SK_EMOTIONAL_INTELLIGENCE,Emotional Intelligence,soft,collaboration,1,3,2,False
E0198,Saule Akhmetova,Sales Manager,Junior,Sales Manager,Middle,career_goal,SK_STAKEHOLDER_MGMT,Stakeholder Management,soft,communication,1,2,1,False
E0198,Saule Akhmetova,Sales Manager,Junior,Sales Manager,Middle,career_goal,SK_TIME_MANAGEMENT,Time Management,soft,personal_effectiveness,1,3,2,False
E0199,Ekaterina Petrova,Data Analyst,Senior,Data Analyst,Lead,career_goal,SK_SQL,SQL,hard,engineering,3,4,1,False
E0199,Ekaterina Petrova,Data Analyst,Senior,Data Analyst,Lead,career_goal,SK_AB_TESTING,A/B Testing,hard,data,3,4,1,False
E0199,Ekaterina Petrova,Data Analyst,Senior,Data Analyst,Lead,career_goal,SK_BI_TOOLS,BI Tools,hard,data,3,4,1,False
E0199,Ekaterina Petrova,Data Analyst,Senior,Data Analyst,Lead,career_goal,SK_ML_BASICS,Machine Learning Fundamentals,hard,data,2,3,1,False
E0199,Ekaterina Petrova,Data Analyst,Senior,Data Analyst,Lead,career_goal,SK_PUBLIC_SPEAKING,Public Speaking,soft,communication,1,3,2,False
E0199,Ekaterina Petrova,Data Analyst,Senior,Data Analyst,Lead,career_goal,SK_MENTORING,Mentoring,soft,leadership,2,4,2,False
E0199,Ekaterina Petrova,Data Analyst,Senior,Data Analyst,Lead,career_goal,SK_LEADERSHIP,Leadership,soft,leadership,1,4,3,True
E0200,Irina Kuznetsova,Backend Engineer,Junior,Backend Engineer,Junior,current_profile,SK_SYSTEM_DESIGN,System Design,hard,engineering,0,1,1,False
E0200,Irina Kuznetsova,Backend Engineer,Junior,Backend Engineer,Junior,current_profile,SK_APP_SECURITY,Application Security,hard,engineering,0,1,1,False
E0200,Irina Kuznetsova,Backend Engineer,Junior,Backend Engineer,Junior,current_profile,SK_COMMUNICATION,Communication,soft,communication,1,2,1,False
